날짜,08시기준날씨,08시기준기온,08시기준체감온도,08시기준강수량,08시기준적설량,08시기준습도,08시기준풍향,08시기준풍속,18시기준날씨,18시기준기온,18시기준체감온도,18시기준강수량,18시기준적설량,18시기준습도,18시기준풍향,18시기준풍속,A,B,C,D,E,F,G,T,Unnamed: 9
2020-01-01,약한 눈 연속적,-4.6,-7.5,0.0,0.0,64,북동,0.0,흐림,0.1,0.1,0.1,0.0,66.0,북동,0.0,88.0,15.0,126.0,34.0,0.0,32.0,0.0,0.0,295.0
2020-01-02,연무,-0.4,-3.3,0.0,0.0,67,동북동,0.0,연무,2.7,0.5,0.0,0.0,61.0,서,0.0,163.0,103.0,262.0,158.0,0.0,150.0,37.0,0.0,873.0
2020-01-03,박무,-3.3,-5.9,0.0,0.0,86,서,0.0,맑음,2.2,2.2,0.0,0.0,38.0,북서,0.0,192.0,99.0,250.0,148.0,0.0,137.0,50.0,0.0,876.0
2020-01-04,연무,-1.8,-1.8,0.0,0.0,63,동북동,0.0,맑음,3.6,2.3,0.0,0.0,41.0,서,0.0,129.0,29.0,176.0,48.0,0.0,39.0,52.0,0.0,473.0
2020-01-05,맑음,-3.1,-3.1,0.0,0.0,61,북동,0.0,흐림,4.0,4.0,0.0,0.0,37.0,정온,0.0,0.0,0.0,1.0,0.0,0.0,0.0,0.0,0.0,1.0
2020-01-06,흐림,2.2,2.2,0.0,0.0,43,동북동,0.0,약한 비 연속적,2.8,-1.2,0.7,0.0,89.0,동북동,0.0,225.0,123.0,310.0,171.0,0.0,168.0,45.0,0.0,1042.0
2020-01-07,약한 비 연속적,5.6,2.7,14.7,0.0,95,동북동,0.0,약한 비 연속적,7.0,3.7,30.2,0.0,96.0,동북동,0.0,204.0,103.0,247.0,162.0,0.0,157.0,67.0,0.0,940.0
2020-01-08,약한 비 연속적,1.6,-1.1,11.6,0.0,95,서북서,0.0,박무,3.4,0.1,11.6,0.0,83.0,서,0.0,176.0,116.0,261.0,170.0,0.0,149.0,31.0,0.0,903.0
2020-01-09,박무,-2.8,-6.4,0.0,0.0,75,서북서,0.0,연무,-0.4,-3.6,0.0,0.0,60.0,서북서,0.0,180.0,104.0,267.0,177.0,0.0,149.0,58.0,0.0,935.0
2020-01-10,박무,-3.8,-3.8,0.0,0.0,79,북북동,0.0,연무,1.8,-1.0,0.0,0.0,45.0,서북서,0.0,168.0,102.0,257.0,159.0,0.0,129.0,172.0,0.0,987.0
2020-01-11,박무,-2.5,-4.8,0.0,0.0,81,북북동,0.0,구름조금,1.1,-2.1,0.0,0.0,52.0,북서,0.0,135.0,35.0,177.0,56.0,0.0,22.0,103.0,0.0,528.0
2020-01-12,연무,-3.3,-5.9,0.0,0.0,71,서북서,0.0,맑음,0.0,-3.9,0.0,0.0,60.0,서,0.0,0.0,0.0,0.0,0.0,0.0,0.0,1.0,0.0,1.0
2020-01-13,구름조금,-3.9,-8.3,0.0,0.0,71,서,0.0,맑음,-1.9,-5.2,0.0,0.0,34.0,서,0.0,209.0,127.0,302.0,201.0,0.0,177.0,258.0,0.0,1274.0
2020-01-14,맑음,-5.5,-8.4,0.0,0.0,59,북동,0.0,맑음,-0.2,-2.6,0.0,0.0,28.0,서북서,0.0,199.0,115.0,293.0,203.0,0.0,146.0,262.0,0.0,1218.0
2020-01-15,맑음,-6.3,-10.1,0.0,0.0,59,서,0.0,맑음,-0.3,-2.8,0.0,0.0,35.0,북서,0.0,171.0,118.0,324.0,195.0,0.0,151.0,227.0,0.0,1186.0
2020-01-16,구름많음,-5.4,-5.4,0.0,0.0,56,서북서,0.0,구름많음,0.6,-2.0,0.0,0.0,34.0,북서,0.0,177.0,102.0,272.0,165.0,0.0,130.0,215.0,0.0,1061.0
2020-01-17,구름많음,-4.7,-7.6,0.0,0.0,57,북동,0.0,구름조금,1.8,-0.8,0.0,0.0,32.0,서북서,0.0,171.0,99.0,246.0,152.0,0.0,125.0,160.0,0.0,953.0
2020-01-18,연무,-4.0,-4.0,0.0,0.0,68,서북서,0.0,맑음,2.9,-0.1,0.0,0.0,33.0,서,0.0,130.0,46.0,183.0,37.0,0.0,59.0,85.0,0.0,540.0
2020-01-19,흐림,0.4,0.4,0.0,0.0,65,북북동,0.0,연무,3.4,1.2,0.6,0.0,59.0,서,0.0,,,,,,,,,
2020-01-20,맑음,-0.5,-2.3,0.0,0.0,61,북서,0.0,맑음,2.9,-1.0,0.0,0.0,41.0,서,0.0,222.0,115.0,160.0,193.0,0.0,140.0,244.0,0.0,1074.0
2020-01-21,맑음,-5.6,-8.5,0.0,0.0,55,북북동,0.0,,,,,,,,0.0,190.0,115.0,294.0,184.0,0.0,141.0,231.0,0.0,1155.0
2020-01-22,흐림,0.9,-1.8,0.0,0.0,35,동,0.0,구름조금,5.2,4.2,0.0,0.0,38.0,북동,0.0,178.0,117.0,284.0,151.0,0.0,144.0,198.0,0.0,1072.0
2020-01-23,연무,0.1,0.1,0.0,0.0,57,북북서,0.0,연무,7.0,4.7,0.0,0.0,50.0,서북서,0.0,121.0,80.0,250.0,139.0,0.0,125.0,186.0,0.0,901.0
2020-01-24,박무,-1.1,-1.1,0.0,0.0,83,북북동,0.0,연무,5.2,3.2,0.0,0.0,52.0,북서,0.0,2.0,0.0,0.0,0.0,0.0,0.0,0.0,0.0,2.0
2020-01-25,연무,2.0,2.0,0.0,0.0,65,북북동,0.0,구름많음,6.6,4.9,0.0,0.0,64.0,서북서,0.0,,,,,,,,,
2020-01-26,박무,-0.2,-2.0,0.0,0.0,77,동,0.0,구름많음,9.4,7.8,0.0,0.0,40.0,동북동,0.0,,,,,,,,,
2020-01-27,흐림,5.4,1.5,0.0,0.0,46,동북동,0.0,비 끝,6.3,4.3,0.0,0.0,48.0,북동,0.0,101.0,29.0,188.0,28.0,0.0,23.0,74.0,0.0,443.0
2020-01-28,흐림,5.7,3.2,0.0,0.0,55,북동,0.0,구름많음,9.1,7.4,0.0,0.0,41.0,동북동,0.0,185.0,107.0,330.0,169.0,0.0,230.0,209.0,0.0,1230.0
2020-01-29,구름많음,3.3,3.3,0.0,0.0,57,동북동,0.0,구름많음,8.4,7.4,0.0,0.0,39.0,북동,0.0,199.0,84.0,369.0,174.0,0.0,293.0,214.0,0.0,1333.0
2020-01-30,구름조금,1.6,-0.2,0.0,0.0,59,동북동,0.0,구름많음,7.6,6.2,0.0,0.0,40.0,북,0.0,178.0,89.0,272.0,180.0,0.0,308.0,222.0,0.0,1249.0
2020-01-31,구름많음,2.0,0.2,0.0,0.0,63,북동,0.0,구름조금,4.8,2.0,0.0,0.0,55.0,서북서,0.0,181.0,90.0,250.0,154.0,0.0,280.0,190.0,0.0,1145.0
2020-02-01,박무,-0.8,-0.8,0.0,0.0,79,북북동,0.0,연무,5.2,3.0,0.0,0.0,58.0,서북서,0.0,119.0,38.0,161.0,32.0,0.0,11.0,36.0,0.0,397.0
2020-02-02,연무,-2.0,-4.2,0.0,0.0,78,서,0.0,연무,3.3,-0.1,0.0,0.0,35.0,북서,0.0,,,,,,,,,
2020-02-03,맑음,-2.4,-2.4,0.0,0.0,55,북,0.0,맑음,0.2,-3.8,0.0,0.0,37.0,서,0.0,198.0,95.0,290.0,165.0,0.0,137.0,6.0,0.0,891.0
2020-02-04,맑음,-5.8,-5.8,0.0,0.0,40,북북동,0.0,약한 눈 연속적,1.7,-2.4,0.2,0.0,75.0,남서,0.0,180.0,93.0,295.0,164.0,0.0,144.0,1.0,0.0,877.0
2020-02-05,맑음,-10.9,-15.8,0.0,0.4,43,북,0.0,맑음,-6.5,-12.4,0.0,0.0,34.0,북서,0.0,186.0,85.0,274.0,165.0,0.0,123.0,0.0,0.0,833.0
2020-02-06,맑음,-11.5,-16.7,0.0,0.0,48,북동,0.0,맑음,-2.4,-5.9,0.0,0.0,28.0,서북서,0.0,174.0,67.0,288.0,170.0,0.0,124.0,0.0,0.0,823.0
2020-02-07,흐림,-4.9,-7.4,0.0,0.0,41,서,0.0,구름많음,0.8,-2.2,0.0,0.0,51.0,서,0.0,164.0,72.0,262.0,153.0,0.0,113.0,0.0,0.0,764.0
2020-02-08,연무,-2.2,-2.2,0.0,0.0,63,북북동,0.0,맑음,1.6,-2.0,0.0,0.0,35.0,서북서,0.0,132.0,34.0,169.0,52.0,0.0,53.0,0.0,0.0,440.0
2020-02-09,맑음,-5.4,-8.1,0.0,0.0,62,서북서,0.0,구름조금,2.1,-1.5,0.0,0.0,50.0,서,0.0,,,,,,,,,
2020-02-10,연무,-0.4,-0.4,0.0,0.0,76,서북서,0.0,맑음,7.4,6.1,0.0,0.0,33.0,서북서,0.0,203.0,85.0,326.0,177.0,0.0,156.0,68.0,0.0,1015.0
2020-02-11,맑음,0.1,-2.9,0.0,0.0,53,동북동,0.0,구름조금,11.6,11.0,0.0,0.0,22.0,서북서,0.0,194.0,85.0,281.0,182.0,0.0,142.0,181.0,0.0,1065.0
2020-02-12,약한 비 연속적,6.8,5.0,0.1,0.0,47,동북동,0.0,약한 이슬비 연속적,8.0,6.7,3.5,0.0,95.0,동,0.0,193.0,66.0,273.0,144.0,0.0,139.0,267.0,0.0,1082.0
2020-02-13,박무,5.1,5.1,0.0,0.0,95,서북서,0.0,박무,7.3,6.6,0.0,0.0,75.0,서,0.0,202.0,54.0,272.0,171.0,0.0,147.0,240.0,0.0,1086.0
2020-02-14,박무,3.4,3.4,0.0,0.0,93,정온,0.0,연무,13.0,13.0,0.0,0.0,49.0,남서,0.0,160.0,81.0,257.0,157.0,0.0,129.0,222.0,0.0,1006.0
2020-02-15,연무,6.3,3.8,0.0,0.0,70,동북동,0.0,연무,12.0,10.6,0.0,0.0,45.0,서북서,0.0,128.0,22.0,184.0,58.0,0.0,58.0,106.0,0.0,556.0
2020-02-16,눈 끝,-0.3,-5.2,12.4,1.8,96,서북서,0.0,눈 끝,-2.6,-7.4,13.4,2.6,68.0,서,0.0,,,,,,,,,
2020-02-17,약한 눈 단속적,-6.4,-11.5,1.0,5.1,75,북서,0.0,구름많음,-6.0,-12.0,1.0,2.0,59.0,북서,0.0,200.0,87.0,280.0,186.0,0.0,129.0,258.0,0.0,1140.0
2020-02-18,맑음,-8.3,-11.8,0.0,1.8,54,서북서,0.0,맑음,-0.6,-3.5,0.0,0.0,40.0,서,0.0,207.0,87.0,324.0,170.0,0.0,122.0,249.0,0.0,1159.0
2020-02-19,흐림,-3.7,-7.3,0.0,0.0,62,동북동,0.0,구름많음,5.2,5.2,0.0,0.0,51.0,북,0.0,179.0,82.0,291.0,201.0,0.0,115.0,265.0,0.0,1133.0
2020-02-20,박무,-0.5,-2.3,0.0,0.0,79,북동,0.0,연무,8.6,6.9,0.0,0.0,46.0,서,0.0,186.0,92.0,303.0,187.0,0.0,139.0,230.0,0.0,1137.0
2020-02-21,연무,3.0,1.1,0.0,0.0,67,동,0.0,흐림,10.1,9.0,0.0,0.0,57.0,서남서,0.0,164.0,66.0,255.0,142.0,0.0,111.0,194.0,0.0,932.0
2020-02-22,박무,3.4,0.4,3.1,0.0,81,서,0.0,맑음,4.3,0.9,3.1,0.0,43.0,서,0.0,134.0,35.0,139.0,51.0,0.0,80.0,107.0,0.0,546.0
2020-02-23,맑음,-2.3,-2.3,0.0,0.0,63,북동,0.0,맑음,5.3,3.4,0.0,0.0,41.0,서,0.0,,,,,,,,,
2020-02-24,구름많음,2.4,0.2,0.0,0.0,60,북동,0.0,구름조금,10.5,10.5,0.0,0.0,45.0,북북서,0.0,143.0,74.0,196.0,150.0,0.0,237.0,201.0,0.0,1001.0
2020-02-25,약한 비 연속적,5.6,2.1,5.0,0.0,91,동북동,0.0,구름많음,8.9,6.1,16.6,0.0,59.0,동북동,0.0,122.0,45.0,152.0,121.0,0.0,224.0,166.0,0.0,830.0
2020-02-26,흐림,3.3,3.3,0.0,0.0,71,북동,0.0,약한 비 단속적,9.2,8.2,0.0,0.0,49.0,북북서,0.0,116.0,43.0,144.0,122.0,0.0,245.0,164.0,0.0,834.0
2020-02-27,구름조금,1.8,-0.6,0.0,0.0,64,동북동,0.0,맑음,9.2,7.6,0.0,0.0,48.0,서,0.0,120.0,49.0,139.0,124.0,0.0,223.0,187.0,0.0,842.0
2020-02-28,흐림,4.8,3.8,0.0,0.0,60,남동,0.0,약한 비 연속적,4.6,4.6,2.9,0.0,91.0,남동,0.0,110.0,46.0,134.0,91.0,0.0,177.0,132.0,0.0,690.0
2020-02-29,박무,4.5,3.1,0.5,0.0,94,북동,0.0,맑음,10.7,9.6,0.5,0.0,48.0,서북서,0.0,90.0,15.0,88.0,43.0,0.0,94.0,85.0,0.0,415.0
2020-03-01,흐림,4.4,4.4,0.0,0.0,70,북동,0.0,연무,6.9,5.6,0.0,0.0,69.0,서,0.0,,,,,,,,,
2020-03-02,연무,0.0,-3.2,0.0,0.0,65,서북서,0.0,구름조금,6.2,3.9,0.0,0.0,39.0,서,0.0,127.0,44.0,148.0,125.0,0.0,28.0,28.0,0.0,500.0
2020-03-03,구름조금,0.9,-2.6,0.0,0.0,63,동북동,0.0,연무,7.4,4.6,0.0,0.0,51.0,서북서,0.0,126.0,41.0,140.0,126.0,0.0,35.0,35.0,0.0,503.0
2020-03-04,연무,2.4,-0.7,0.0,0.0,68,서,0.0,연무,1.2,-3.0,0.0,0.0,46.0,서북서,0.0,136.0,54.0,134.0,100.0,0.0,33.0,33.0,0.0,490.0
2020-03-05,맑음,-2.7,-6.0,0.0,0.0,55,서,0.0,맑음,4.7,3.6,0.0,0.0,38.0,서,0.0,117.0,36.0,134.0,111.0,0.0,28.0,28.0,0.0,454.0
2020-03-06,맑음,-1.9,-4.3,0.0,0.0,68,북동,0.0,,,,,,,,0.0,126.0,30.0,139.0,101.0,0.0,35.0,35.0,0.0,466.0
2020-03-07,구름많음,2.4,0.3,0.0,0.0,46,동북동,0.0,구름조금,10.7,9.3,0.0,0.0,32.0,서,0.0,95.0,31.0,89.0,39.0,0.0,33.0,33.0,0.0,320.0
2020-03-08,연무,2.8,1.6,0.0,0.0,66,북동,0.0,연무,13.8,12.6,0.0,0.0,28.0,서,0.0,,,,,,,,,
2020-03-09,연무,5.1,5.1,0.0,0.0,54,북동,0.0,흐림,13.9,13.1,0.0,0.0,30.0,북서,0.0,155.0,53.0,157.0,118.0,0.0,47.0,47.0,0.0,577.0
2020-03-10,약한 비 연속적,6.7,4.9,3.3,0.0,94,서북서,0.0,약한 비 연속적,6.6,4.6,10.3,0.0,92.0,서,0.0,147.0,47.0,142.0,104.0,0.0,24.0,24.0,0.0,488.0
2020-03-11,맑음,0.7,-2.5,0.0,0.0,41,서북서,0.0,맑음,6.6,4.6,0.0,0.0,35.0,서,0.0,140.0,68.0,144.0,103.0,0.0,37.0,37.0,0.0,529.0
2020-03-12,맑음,1.5,-0.8,0.0,0.0,64,북동,0.0,맑음,10.0,7.7,0.0,0.0,26.0,서,0.0,136.0,50.0,149.0,120.0,0.0,43.0,43.0,0.0,541.0
2020-03-13,흐림,4.3,2.3,0.5,0.0,51,북서,0.0,구름많음,5.1,1.7,0.5,0.0,22.0,서북서,0.0,124.0,33.0,134.0,101.0,0.0,69.0,69.0,0.0,530.0
2020-03-14,맑음,-1.5,-3.3,0.0,0.0,42,서,0.0,구름많음,7.1,4.5,0.0,0.0,48.0,서남서,0.0,97.0,29.0,116.0,41.0,0.0,84.0,84.0,0.0,451.0
2020-03-15,구름많음,4.2,2.0,0.0,0.0,72,북서,0.0,구름조금,4.4,0.5,0.0,0.0,27.0,북서,0.0,,,,,,,,,
2020-03-16,맑음,-1.1,-3.6,0.0,0.0,44,북북동,0.0,맑음,6.2,3.5,0.0,0.0,31.0,서남서,0.0,171.0,61.0,157.0,100.0,0.0,127.0,127.0,0.0,743.0
2020-03-17,흐림,4.9,4.9,0.0,0.0,69,북동,0.0,연무,10.8,9.4,0.0,0.0,52.0,남서,0.0,183.0,60.0,159.0,128.0,0.0,181.0,181.0,0.0,892.0
2020-03-18,박무,3.4,2.0,0.0,0.0,80,북동,0.0,맑음,15.7,15.7,0.0,0.0,23.0,서남서,0.0,145.0,63.0,143.0,107.0,0.0,144.0,144.0,0.0,746.0
2020-03-19,연무,11.6,9.5,0.0,0.0,69,남남서,0.0,구름조금,8.5,5.5,0.0,0.0,38.0,서,0.0,152.0,48.0,140.0,105.0,0.0,169.0,169.0,0.0,783.0
2020-03-20,맑음,4.9,2.8,0.0,0.0,61,남남서,0.0,맑음,11.4,9.8,0.0,0.0,27.0,남서,0.0,149.0,55.0,153.0,96.0,0.0,172.0,172.0,0.0,797.0
2020-03-21,흐림,9.6,9.6,0.0,0.0,60,남,0.0,흐림,16.2,15.8,0.0,0.0,58.0,서북서,0.0,100.0,31.0,98.0,46.0,0.0,75.0,75.0,0.0,425.0
2020-03-22,맑음,6.8,6.8,0.0,0.0,57,정온,0.0,맑음,14.2,12.8,0.0,0.0,16.0,서북서,0.0,,,,,,,,,
2020-03-23,맑음,6.7,6.7,0.0,0.0,44,서남서,0.0,맑음,14.3,13.8,0.0,0.0,36.0,서북서,0.0,145.0,57.0,147.0,85.0,0.0,143.0,143.0,0.0,720.0
2020-03-24,맑음,6.7,6.7,0.0,0.0,46,북동,0.0,맑음,15.7,15.4,0.0,0.0,25.0,서,0.0,125.0,52.0,142.0,87.0,0.0,150.0,150.0,0.0,706.0
2020-03-25,맑음,8.0,7.0,0.0,0.0,37,동북동,0.0,흐림,15.3,14.7,0.0,0.0,31.0,서북서,0.0,126.0,59.0,138.0,78.0,0.0,125.0,125.0,0.0,651.0
2020-03-26,맑음,10.3,9.5,0.0,0.0,40,동,0.0,흐림,17.7,17.6,0.0,0.0,58.0,남,0.0,116.0,65.0,130.0,63.0,0.0,103.0,103.0,0.0,580.0
2020-03-27,박무,12.2,11.7,2.0,0.0,85,서북서,0.0,맑음,13.5,12.2,2.0,0.0,27.0,서북서,0.0,123.0,51.0,122.0,69.0,0.0,115.0,115.0,0.0,595.0
2020-03-28,흐림,4.9,2.7,0.0,0.0,17,북,0.0,구름많음,10.5,8.5,0.0,0.0,13.0,서북서,0.0,79.0,32.0,96.0,47.0,0.0,86.0,86.0,0.0,426.0
2020-03-29,맑음,4.3,1.3,0.0,0.0,30,동북동,0.0,구름조금,12.6,11.0,0.0,0.0,34.0,북서,0.0,,,,,,,,,
2020-03-30,맑음,6.0,6.0,0.0,0.0,56,북동,0.0,맑음,14.3,13.3,0.0,0.0,30.0,서,0.0,127.0,42.0,160.0,80.0,0.0,133.0,133.0,0.0,675.0
2020-03-31,구름조금,6.4,6.4,0.0,0.0,46,북북동,0.0,흐림,15.3,15.0,0.0,0.0,26.0,서북서,0.0,139.0,72.0,147.0,72.0,0.0,117.0,117.0,0.0,664.0
2020-04-01,흐림,9.5,9.4,0.0,0.0,33,북서,0.0,맑음,13.1,11.6,0.0,0.0,18.0,서북서,0.0,124.0,67.0,144.0,82.0,0.0,84.0,51.0,0.0,552.0
2020-04-02,맑음,5.4,6.6,0.0,0.0,56,북북동,0.0,구름많음,12.4,11.0,0.0,0.0,18.0,서남서,0.0,115.0,62.0,144.0,81.0,0.0,42.0,44.0,0.0,488.0
2020-04-03,박무,6.9,8.8,0.0,0.0,72,남서,0.0,맑음,12.9,12.7,0.0,0.0,36.0,서,0.0,121.0,64.0,123.0,85.0,0.0,67.0,33.0,0.0,493.0
2020-04-04,박무,7.7,10.0,0.0,0.0,80,서,0.0,맑음,10.7,9.2,0.0,0.0,12.0,서북서,0.0,96.0,19.0,90.0,40.0,0.0,45.0,42.0,0.0,332.0
2020-04-05,맑음,3.3,3.4,0.0,0.0,19,북서,0.0,맑음,11.5,10.8,0.0,0.0,27.0,서남서,0.0,0.0,0.0,0.0,0.0,0.0,0.0,1.0,0.0,1.0
2020-04-06,맑음,4.9,6.1,0.0,0.0,56,북북동,0.0,구름많음,11.8,10.9,0.0,0.0,23.0,서북서,0.0,154.0,96.0,164.0,100.0,0.0,90.0,30.0,0.0,634.0
2020-04-07,박무,7.6,9.7,0.0,0.0,77,남서,0.0,연무,13.9,14.2,0.0,0.0,46.0,서,0.0,156.0,102.0,155.0,94.0,0.0,101.0,45.0,0.0,653.0
2020-04-08,맑음,6.6,6.7,0.0,0.0,30,북북서,0.0,맑음,13.1,11.5,0.0,0.0,16.0,북서,0.0,137.0,84.0,168.0,94.0,0.0,97.0,60.0,0.0,640.0
2020-04-09,구름조금,6.0,6.7,0.0,0.0,45,북서,0.0,맑음,12.1,12.2,0.0,0.0,41.0,서남서,0.0,130.0,74.0,170.0,99.0,0.0,86.0,44.0,0.0,603.0
2020-04-10,맑음,7.9,9.2,0.0,0.0,61,동,0.0,흐림,13.2,13.4,0.0,0.0,44.0,서북서,0.0,105.0,72.0,138.0,89.0,0.0,80.0,43.0,0.0,527.0
2020-04-11,박무,7.1,9.5,0.0,0.0,82,남남서,0.0,맑음,12.4,13.1,0.0,0.0,51.0,서,0.0,105.0,50.0,102.0,37.0,0.0,63.0,0.0,0.0,357.0
2020-04-12,박무,7.0,9.0,0.0,0.0,75,동,0.0,구름조금,13.0,13.1,0.0,0.0,42.0,동북동,0.0,,,,,,,,,
2020-04-13,구름조금,6.4,7.6,0.0,0.0,57,북동,0.0,맑음,18.9,16.5,0.0,0.0,17.0,북동,0.0,151.0,97.0,193.0,94.0,0.0,95.0,32.0,0.0,662.0
2020-04-14,맑음,9.6,11.3,0.0,0.0,69,남남서,0.0,구름조금,16.5,15.5,0.0,0.0,30.0,서북서,0.0,119.0,91.0,161.0,89.0,0.0,100.0,43.0,0.0,603.0
2020-04-15,구름조금,9.1,9.9,0.0,0.0,50,북동,0.0,구름많음,16.0,15.1,0.0,0.0,30.0,서,0.0,93.0,26.0,121.0,39.0,0.0,62.0,33.0,0.0,374.0
2020-04-16,맑음,12.0,12.6,0.0,0.0,49,동,0.0,구름많음,20.1,19.1,0.0,0.0,33.0,북서,0.0,141.0,82.0,168.0,106.0,0.0,95.0,38.0,0.0,630.0
2020-04-17,약한 비 단속적,11.4,13.3,0.6,0.0,73,남남동,0.0,박무,13.8,16.1,6.5,0.0,80.0,북서,0.0,121.0,65.0,159.0,98.0,0.0,97.0,25.0,0.0,565.0
2020-04-18,맑음,9.9,12.0,0.0,0.0,77,서북서,0.0,맑음,17.2,17.9,0.0,0.0,55.0,북서,0.0,95.0,42.0,123.0,36.0,0.0,53.0,32.0,0.0,381.0
2020-04-19,구름많음,12.9,14.7,0.0,0.0,71,동,0.0,약한 비 연속적,11.5,14.2,6.2,0.0,88.0,북동,0.0,,,,,,,,,
2020-04-20,흐림,9.8,12.0,0.0,0.0,78,남동,0.0,구름많음,11.2,12.8,0.1,0.0,67.0,서북서,0.0,154.0,114.0,231.0,152.0,0.0,93.0,204.0,0.0,948.0
2020-04-21,맑음,7.7,9.2,0.0,0.0,65,서북서,0.0,구름조금,7.6,7.6,0.0,0.0,32.0,서북서,0.0,169.0,96.0,236.0,123.0,0.0,104.0,202.0,0.0,930.0
2020-04-22,황사,4.8,5.6,0.0,0.0,45,북북서,0.0,비 끝,7.0,7.8,0.0,0.0,48.0,북서,0.0,169.0,116.0,209.0,132.0,0.0,100.0,179.0,0.0,905.0
2020-04-23,구름조금,5.9,7.4,0.0,0.0,63,서북서,0.0,맑음,10.5,10.2,0.0,0.0,32.0,서북서,0.0,155.0,119.0,226.0,116.0,0.0,97.0,164.0,0.0,877.0
2020-04-24,맑음,7.2,8.6,0.0,0.0,62,남서,0.0,맑음,12.8,13.7,0.0,0.0,56.0,남서,0.0,154.0,119.0,172.0,126.0,0.0,98.0,179.0,0.0,848.0
2020-04-25,맑음,12.6,13.2,0.0,0.0,50,서남서,0.0,구름많음,15.5,16.2,0.0,0.0,54.0,서북서,0.0,112.0,67.0,127.0,31.0,0.0,69.0,80.0,0.0,486.0
2020-04-26,맑음,9.3,10.2,0.0,0.0,53,북북서,0.0,맑음,15.6,14.5,0.0,0.0,27.0,서북서,0.0,,,,,,,,,
2020-04-27,맑음,10.3,11.8,0.0,0.0,66,북서,0.0,구름조금,15.9,15.5,0.0,0.0,37.0,서,0.0,195.0,140.0,217.0,152.0,0.0,127.0,238.0,0.0,1069.0
2020-04-28,맑음,10.9,12.0,0.0,0.0,58,남서,0.0,맑음,17.9,17.4,0.0,0.0,38.0,서남서,0.0,179.0,107.0,212.0,142.0,0.0,177.0,235.0,0.0,1052.0
2020-04-29,박무,11.9,14.0,0.0,0.0,77,동남동,0.0,맑음,18.7,17.2,0.0,0.0,26.0,서북서,0.0,141.0,105.0,203.0,126.0,0.0,201.0,217.0,0.0,993.0
2020-04-30,구름조금,12.9,13.5,0.0,0.0,50,동,0.0,구름많음,20.8,21.9,0.0,0.0,61.0,서북서,0.0,111.0,57.0,87.0,54.0,0.0,91.0,113.0,0.0,513.0
2020-05-01,박무,17.8,20.1,0.0,0.0,80,남,0.0,맑음,23.1,24.5,0.0,0.0,66.0,서,0.0,143.0,89.0,177.0,36.0,0.0,26.0,75.0,0.0,546.0
2020-05-02,박무,19.0,21.8,0.0,0.0,87,서남서,0.0,흐림,21.8,23.8,0.0,0.0,74.0,북서,0.0,79.0,55.0,129.0,11.0,0.0,18.0,25.0,0.0,317.0
2020-05-03,박무,18.3,21.0,0.0,0.0,85,동남동,0.0,구름많음,26.1,26.3,0.0,0.0,51.0,남남동,0.0,0.0,0.0,0.0,0.0,0.0,0.0,1.0,0.0,1.0
2020-05-04,맑음,19.6,21.5,0.0,0.0,73,서남서,0.0,구름많음,21.5,21.8,0.0,0.0,51.0,남서,0.0,187.0,102.0,248.0,65.0,0.0,44.0,107.0,0.0,753.0
2020-05-05,흐림,16.2,18.0,0.0,0.0,72,동남동,0.0,맑음,18.2,19.0,0.0,0.0,56.0,동,0.0,123.0,71.0,173.0,61.0,0.0,49.0,77.0,0.0,554.0
2020-05-06,맑음,14.5,16.5,0.0,0.0,74,동북동,0.0,맑음,25.9,24.2,0.0,0.0,31.0,서북서,0.0,206.0,155.0,255.0,164.0,0.0,107.0,116.0,0.0,1003.0
2020-05-07,구름조금,18.0,17.2,0.0,0.0,34,동,0.0,흐림,23.6,22.0,0.0,0.0,30.0,북서,0.0,199.0,142.0,242.0,147.0,0.0,127.0,78.0,0.0,935.0
2020-05-08,구름조금,17.9,16.0,0.0,0.0,21,남남동,0.0,,,,,,,,0.0,163.0,140.0,206.0,138.0,0.0,133.0,92.0,0.0,872.0
2020-05-09,보통 비 연속적,13.8,17.1,10.8,0.0,97,동,0.0,약한 이슬비 단속적,14.6,17.7,23.4,0.0,94.0,서남서,0.0,116.0,59.0,148.0,52.0,0.0,117.0,82.0,0.0,574.0
2020-05-10,약한 이슬비 연속적,13.2,16.4,1.3,0.0,95,서북서,0.0,박무,16.3,18.5,1.3,0.0,78.0,남서,0.0,1.0,0.0,0.0,0.0,0.0,0.0,0.0,0.0,1.0
2020-05-11,박무,14.0,16.5,0.0,0.0,83,남서,0.0,황사,18.9,18.0,0.0,0.0,34.0,서남서,0.0,235.0,154.0,265.0,155.0,0.0,139.0,128.0,0.0,1076.0
2020-05-12,박무,12.5,15.1,0.7,0.0,85,남서,0.0,맑음,18.1,18.7,0.7,0.0,53.0,서,0.0,210.0,168.0,249.0,164.0,0.0,120.0,160.0,0.0,1071.0
2020-05-13,맑음,13.1,14.9,0.0,0.0,72,서남서,0.0,맑음,20.0,18.4,0.0,0.0,27.0,서,0.0,155.0,158.0,238.0,146.0,0.0,133.0,136.0,0.0,966.0
2020-05-14,구름많음,15.3,15.5,0.0,0.0,46,동,0.0,흐림,22.6,20.8,0.0,0.0,27.0,북동,0.0,195.0,177.0,221.0,142.0,0.0,107.0,67.0,0.0,909.0
2020-05-15,약한 비 연속적,16.0,18.4,2.0,0.0,81,동,0.0,약한 비 연속적,15.2,18.4,9.9,0.0,95.0,동,0.0,189.0,148.0,218.0,141.0,0.0,77.0,107.0,0.0,880.0
2020-05-16,약한 이슬비 연속적,15.5,18.8,2.0,0.0,97,서남서,0.0,박무,19.4,21.6,2.5,0.0,77.0,서북서,0.0,120.0,82.0,163.0,40.0,0.0,60.0,63.0,0.0,528.0
2020-05-17,박무,16.2,19.1,0.0,0.0,90,동남동,0.0,연무,23.8,25.2,0.0,0.0,65.0,북서,0.0,,,,,,,,,
2020-05-18,비 끝,19.0,21.9,0.0,0.0,88,동,0.0,약한 비 연속적,18.0,20.9,20.0,0.0,89.0,남동,0.0,213.0,153.0,266.0,158.0,0.0,133.0,96.0,0.0,1019.0
2020-05-19,약한 비 연속적,11.7,14.7,3.1,0.0,92,동,0.0,흐림,14.9,15.6,19.0,0.0,53.0,북동,0.0,209.0,177.0,276.0,159.0,0.0,135.0,106.0,0.0,1062.0
2020-05-20,약한 비 단속적,11.5,13.1,0.0,0.0,67,동북동,0.0,흐림,17.7,18.3,0.0,0.0,53.0,동,0.0,190.0,155.0,194.0,317.0,0.0,23.0,61.0,0.0,940.0
2020-05-21,맑음,14.2,15.3,0.0,0.0,59,동,0.0,흐림,21.9,21.6,0.0,0.0,43.0,서,0.0,190.0,164.0,223.0,56.0,0.0,81.0,77.0,0.0,791.0
2020-05-22,박무,16.6,18.6,0.0,0.0,74,동,0.0,연무,19.9,21.3,0.0,0.0,66.0,서북서,0.0,201.0,141.0,216.0,140.0,0.0,100.0,155.0,0.0,953.0
2020-05-23,박무,18.4,20.2,0.0,0.0,71,서,0.0,흐림,21.4,22.5,0.0,0.0,61.0,북서,0.0,111.0,76.0,159.0,10.0,0.0,36.0,63.0,0.0,455.0
2020-05-24,약한 비 연속적,16.0,19.2,14.4,0.0,94,서남서,0.0,구름많음,19.0,20.8,14.5,0.0,72.0,서북서,0.0,,,,,,,,,
2020-05-25,박무,14.5,17.4,0.0,0.0,90,북서,0.0,연무,20.0,21.6,0.0,0.0,68.0,서,0.0,249.0,181.0,261.0,180.0,0.0,94.0,251.0,3.0,1219.0
2020-05-26,박무,14.2,17.2,0.0,0.0,92,서북서,0.0,비 끝,16.0,18.3,0.0,0.0,80.0,서북서,0.0,214.0,177.0,250.0,152.0,0.0,170.0,245.0,0.0,1208.0
2020-05-27,맑음,14.1,16.8,0.0,0.0,86,북서,0.0,맑음,21.6,21.7,0.0,0.0,48.0,서북서,0.0,194.0,182.0,238.0,168.0,0.0,149.0,259.0,0.0,1190.0
2020-05-28,구름많음,16.7,18.5,0.0,0.0,71,남서,0.0,맑음,22.8,22.7,0.0,0.0,46.0,서북서,0.0,199.0,162.0,250.0,146.0,0.0,152.0,211.0,0.0,1120.0
2020-05-29,박무,17.1,19.5,0.0,0.0,81,서북서,0.0,맑음,25.9,25.9,0.0,0.0,49.0,북서,0.0,177.0,157.0,217.0,139.0,0.0,130.0,192.0,0.0,1012.0
2020-05-30,맑음,19.8,21.6,0.0,0.0,71,동북동,0.0,맑음,26.8,26.4,0.0,0.0,44.0,북서,0.0,129.0,63.0,161.0,42.0,0.0,87.0,92.0,0.0,574.0
2020-05-31,연무,20.2,21.8,0.0,0.0,68,동,0.0,흐림,21.8,22.4,0.0,0.0,55.0,북서,0.0,,,,,,,,,
2020-06-01,구름많음,17.8,20.1,0.4,0.0,80,서북서,0.0,맑음,22.7,22.3,0.4,0.0,42.0,북서,0.0,214.0,209.0,302.0,159.0,0.0,77.0,80.0,0.0,1041.0
2020-06-02,흐림,16.0,18.0,0.0,0.0,75,북동,0.0,비 끝,20.6,21.5,1.9,0.0,58.0,서,0.0,218.0,214.0,272.0,145.0,42.0,88.0,88.0,2.0,1069.0
2020-06-03,박무,19.7,22.2,0.0,0.0,82,동,0.0,맑음,26.1,27.1,0.0,0.0,60.0,서북서,0.0,209.0,180.0,277.0,170.0,0.0,129.0,60.0,2.0,1027.0
2020-06-04,약한 이슬비 단속적,20.1,23.1,0.2,0.0,89,서,0.0,연무,22.8,25.0,0.2,0.0,77.0,서북서,0.0,195.0,191.0,280.0,159.0,0.0,103.0,7.0,0.0,935.0
2020-06-05,박무,19.9,22.7,0.0,0.0,86,북서,0.0,구름조금,27.9,27.9,0.0,0.0,49.0,북서,0.0,173.0,174.0,243.0,168.0,0.0,117.0,34.0,1.0,910.0
2020-06-06,맑음,22.0,23.7,0.0,0.0,70,동,0.0,연무,28.1,28.6,0.0,0.0,55.0,서북서,0.0,97.0,97.0,175.0,31.0,0.0,65.0,26.0,2.0,493.0
2020-06-07,박무,20.1,22.3,0.0,0.0,78,남서,0.0,연무,25.7,26.8,0.0,0.0,62.0,북서,0.0,,,,,,,,,
2020-06-08,박무,22.5,24.7,0.0,0.0,77,동,0.0,맑음,28.5,28.8,0.0,0.0,53.0,서북서,0.0,227.0,202.0,302.0,194.0,0.0,155.0,71.0,0.0,1151.0
2020-06-09,맑음,23.9,25.2,0.0,0.0,64,동남동,0.0,구름조금,31.2,29.7,0.0,0.0,36.0,북서,0.0,243.0,216.0,292.0,178.0,0.0,148.0,60.0,0.0,1137.0
2020-06-10,흐림,24.9,25.7,0.0,0.0,58,동,0.0,약한 비 단속적,25.1,27.1,0.0,0.0,74.0,북,0.0,213.0,160.0,273.0,171.0,20.0,141.0,100.0,3.0,1081.0
2020-06-11,구름많음,23.2,25.8,0.0,0.0,83,동,0.0,구름많음,30.5,30.0,0.0,0.0,45.0,북북서,0.0,203.0,193.0,265.0,168.0,88.0,169.0,89.0,0.0,1175.0
2020-06-12,흐림,23.5,25.9,0.0,0.0,79,북동,0.0,흐림,26.8,27.3,0.0,0.0,55.0,북서,0.0,193.0,187.0,250.0,162.0,47.0,135.0,35.0,0.0,1009.0
2020-06-13,구름조금,23.7,25.3,0.0,0.0,68,동북동,0.0,구름많음,30.7,30.3,0.0,0.0,46.0,북서,0.0,125.0,54.0,170.0,64.0,55.0,95.0,36.0,0.0,599.0
2020-06-14,박무,22.7,25.0,1.1,0.0,79,서남서,0.0,맑음,26.9,27.8,1.1,0.0,59.0,서,0.0,1.0,0.0,0.0,0.0,0.0,0.0,0.0,0.0,1.0
2020-06-15,구름많음,20.2,22.4,0.0,0.0,78,서,0.0,구름많음,26.0,24.9,0.0,0.0,37.0,서북서,0.0,240.0,198.0,305.0,182.0,88.0,191.0,122.0,2.0,1328.0
2020-06-16,박무,21.1,23.0,0.0,0.0,73,서남서,0.0,연무,28.0,28.3,0.0,0.0,53.0,서북서,0.0,247.0,198.0,299.0,183.0,119.0,197.0,103.0,2.0,1348.0
2020-06-17,흐림,23.5,24.8,0.0,0.0,64,남동,0.0,흐림,26.6,26.2,0.0,0.0,44.0,서,0.0,228.0,168.0,284.0,167.0,116.0,163.0,130.0,0.0,1256.0
2020-06-18,흐림,21.1,22.7,0.0,0.0,69,북서,0.0,흐림,26.2,26.6,0.0,0.0,53.0,서남서,0.0,216.0,188.0,303.0,145.0,123.0,167.0,112.0,0.0,1254.0
2020-06-19,약한 비 단속적,21.4,23.3,0.1,0.0,73,동북동,0.0,소나기 끝,29.2,29.2,0.1,0.0,49.0,서북서,0.0,217.0,161.0,251.0,144.0,101.0,147.0,165.0,0.0,1186.0
2020-06-20,맑음,23.5,25.2,0.0,0.0,70,동남동,0.0,맑음,28.4,28.4,0.0,0.0,49.0,서북서,0.0,110.0,96.0,167.0,45.0,47.0,128.0,85.0,0.0,678.0
2020-06-21,박무,22.4,24.3,0.0,0.0,73,남남동,0.0,맑음,30.6,30.0,0.0,0.0,44.0,북서,0.0,,,,,,,,,
2020-06-22,맑음,25.2,26.6,0.0,0.0,66,동북동,0.0,구름많음,33.1,31.8,0.0,0.0,38.0,서북서,0.0,211.0,177.0,333.0,180.0,120.0,200.0,418.0,10.0,1649.0
2020-06-23,맑음,25.4,26.2,0.0,0.0,58,서,0.0,흐림,28.4,28.6,0.0,0.0,51.0,서,0.0,244.0,164.0,300.0,175.0,126.0,179.0,208.0,5.0,1401.0
2020-06-24,약한 비 단속적,25.1,26.2,0.1,0.0,62,동남동,0.0,보통 비 연속적,20.5,23.9,28.8,0.0,96.0,북동,0.0,243.0,164.0,266.0,137.0,126.0,171.0,295.0,28.0,1430.0
2020-06-25,이슬비 끝,21.5,24.9,11.0,0.0,95,동,0.0,흐림,22.3,24.9,11.5,0.0,83.0,남남서,0.0,216.0,174.0,282.0,153.0,129.0,184.0,321.0,27.0,1486.0
2020-06-26,박무,19.5,22.8,2.1,0.0,94,남서,0.0,구름많음,24.3,26.1,2.1,0.0,71.0,남남서,0.0,203.0,168.0,275.0,157.0,115.0,180.0,321.0,31.0,1450.0
2020-06-27,흐림,21.3,23.6,0.0,0.0,78,정온,0.0,맑음,26.7,27.7,0.0,0.0,61.0,서북서,0.0,125.0,77.0,185.0,56.0,35.0,103.0,133.0,19.0,733.0
2020-06-28,박무,22.8,25.4,0.0,0.0,83,서,0.0,맑음,28.6,29.5,0.0,0.0,60.0,서,0.0,,,,,,,,,
2020-06-29,박무,23.8,26.3,0.0,0.0,81,북동,0.0,흐림,26.1,27.5,0.0,0.0,65.0,동,0.0,232.0,228.0,313.0,168.0,134.0,183.0,338.0,48.0,1644.0
2020-06-30,약한 비 연속적,19.0,22.3,63.1,0.0,95,북동,0.0,약한 비 단속적,21.7,23.1,64.0,0.0,66.0,북서,0.0,238.0,200.0,303.0,177.0,132.0,222.0,394.0,46.0,1712.0
2020-07-01,흐림,19.1,21.7,0.0,0.0,84,서,0.0,흐림,24.1,25.8,0.0,0.0,70.0,남남동,0.0,211.0,203.0,351.0,165.0,146.0,178.0,203.0,68.0,1525.0
2020-07-02,박무,21.3,23.9,0.0,0.0,83,동,0.0,연무,28.3,29.2,0.0,0.0,60.0,서,0.0,210.0,218.0,319.0,141.0,129.0,190.0,189.0,74.0,1470.0
2020-07-03,박무,24.1,26.3,0.0,0.0,77,북동,0.0,흐림,27.6,27.0,0.0,0.0,43.0,남동,0.0,200.0,211.0,316.0,150.0,111.0,171.0,201.0,51.0,1411.0
2020-07-04,흐림,22.0,24.3,1.6,0.0,79,북동,0.0,구름많음,26.8,27.4,1.6,0.0,56.0,서,0.0,113.0,84.0,208.0,43.0,84.0,129.0,87.0,0.0,748.0
2020-07-05,박무,21.1,23.5,0.0,0.0,80,남,0.0,구름조금,26.8,27.6,0.0,0.0,58.0,서,0.0,,,,,,,,,
2020-07-06,구름많음,23.6,25.5,0.0,0.0,73,북동,0.0,구름많음,27.9,29.3,0.0,0.0,65.0,서북서,0.0,250.0,278.0,382.0,219.0,166.0,214.0,190.0,64.0,1763.0
2020-07-07,비 끝,22.4,25.0,0.0,0.0,82,서남서,0.0,구름많음,27.1,28.5,0.0,0.0,66.0,서북서,0.0,262.0,239.0,354.0,191.0,158.0,178.0,220.0,75.0,1677.0
2020-07-08,구름조금,23.5,26.0,0.0,0.0,81,북동,0.0,구름조금,29.5,30.1,0.0,0.0,56.0,서남서,0.0,242.0,277.0,334.0,177.0,151.0,184.0,316.0,80.0,1761.0
2020-07-09,박무,24.1,26.7,0.0,0.0,82,북동,0.0,구름많음,31.4,31.5,0.0,0.0,51.0,남서,0.0,226.0,216.0,338.0,143.0,151.0,180.0,245.0,77.0,1576.0
2020-07-10,약한 비 단속적,24.5,26.4,0.1,0.0,72,북동,0.0,구름많음,27.1,28.3,2.2,0.0,63.0,북북동,0.0,205.0,238.0,318.0,139.0,146.0,161.0,209.0,73.0,1489.0
2020-07-11,구름조금,24.7,26.2,0.0,0.0,67,북동,0.0,구름많음,28.7,29.1,0.0,0.0,54.0,동북동,0.0,140.0,112.0,190.0,61.0,96.0,104.0,125.0,40.0,868.0
2020-07-12,구름많음,23.2,24.2,0.0,0.0,60,동북동,0.0,약한 비 연속적,23.7,26.3,0.9,0.0,82.0,동,0.0,,,,,,,,,
2020-07-13,약한 비 연속적,18.0,21.4,15.7,0.0,96,북동,0.0,약한 비 연속적,19.0,22.4,32.1,0.0,96.0,동북동,0.0,251.0,225.0,372.0,154.0,164.0,177.0,201.0,73.0,1617.0
2020-07-14,약한 비 단속적,18.0,21.1,11.5,0.0,92,북동,0.0,흐림,23.0,24.6,11.5,0.0,68.0,북북동,0.0,248.0,286.0,367.0,191.0,186.0,194.0,375.0,96.0,1943.0
2020-07-15,구름많음,20.3,22.3,0.0,0.0,74,북동,0.0,맑음,28.4,27.9,0.0,0.0,44.0,남남서,0.0,242.0,242.0,356.0,185.0,150.0,179.0,218.0,99.0,1671.0
2020-07-16,구름조금,22.4,24.7,0.0,0.0,79,남남동,0.0,맑음,28.9,29.8,0.0,0.0,60.0,서,0.0,224.0,252.0,328.0,167.0,161.0,193.0,222.0,90.0,1637.0
2020-07-17,구름많음,23.2,25.9,0.0,0.0,84,서남서,0.0,비 끝,28.3,29.8,0.0,0.0,67.0,서남서,0.0,201.0,205.0,329.0,136.0,152.0,181.0,212.0,117.0,1533.0
2020-07-18,박무,24.5,26.8,0.0,0.0,78,동북동,0.0,연무,28.5,29.8,0.0,0.0,64.0,서,0.0,127.0,117.0,205.0,61.0,73.0,96.0,80.0,62.0,821.0
2020-07-19,보통 비 연속적,21.4,24.5,8.5,0.0,91,북동,0.0,흐림,25.3,27.9,29.0,0.0,82.0,북동,0.0,0.0,0.0,2.0,0.0,0.0,0.0,0.0,0.0,2.0
2020-07-20,약한 비 단속적,23.8,27.1,1.9,0.0,93,남남서,0.0,흐림,23.7,26.1,3.6,0.0,80.0,남,0.0,262.0,275.0,393.0,191.0,172.0,196.0,380.0,80.0,1949.0
2020-07-21,박무,22.4,25.4,0.0,0.0,88,북서,0.0,흐림,27.6,29.4,0.0,0.0,70.0,서,0.0,245.0,267.0,367.0,189.0,170.0,206.0,216.0,100.0,1760.0
2020-07-22,약한 비 연속적,24.0,27.0,0.3,0.0,88,남남서,0.0,약한 비 연속적,23.5,26.8,11.5,0.0,92.0,남동,0.0,229.0,247.0,347.0,154.0,160.0,200.0,477.0,8.0,1822.0
2020-07-23,약한 비 연속적,22.1,25.7,1.8,0.0,97,북동,0.0,강한 비 연속적,19.8,23.3,48.1,0.0,98.0,북동,0.0,199.0,196.0,268.0,139.0,152.0,187.0,382.0,42.0,1565.0
2020-07-24,약한 비 단속적,21.3,23.4,0.3,0.0,75,북동,0.0,약한 비 단속적,25.3,26.8,2.9,0.0,67.0,북동,0.0,199.0,202.0,342.0,149.0,141.0,377.0,242.0,87.0,1739.0
2020-07-25,흐림,22.7,24.6,0.0,0.0,72,북동,0.0,흐림,26.1,27.4,0.0,0.0,64.0,북동,0.0,146.0,86.0,206.0,62.0,88.0,248.0,133.0,39.0,1008.0
2020-07-26,구름조금,24.0,25.7,0.0,0.0,70,북동,0.0,흐림,27.9,29.3,0.0,0.0,65.0,서북서,0.0,,,,,,,,,
2020-07-27,약한 비 연속적,23.4,26.5,0.6,0.0,89,북동,0.0,약한 비 단속적,25.3,27.9,2.2,0.0,82.0,북동,0.0,247.0,246.0,381.0,193.0,181.0,615.0,401.0,69.0,2333.0
2020-07-28,약한 비 단속적,23.5,26.3,0.0,0.0,85,북동,0.0,약한 비 연속적,24.8,27.8,0.4,0.0,87.0,북동,0.0,243.0,268.0,373.0,170.0,173.0,455.0,246.0,18.0,1946.0
2020-07-29,흐림,22.9,26.4,7.9,0.0,95,동북동,0.0,약한 비 단속적,24.9,28.5,49.2,0.0,96.0,서,0.0,232.0,257.0,334.0,167.0,153.0,431.0,230.0,8.0,1812.0
2020-07-30,박무,24.7,28.3,0.1,0.0,96,남서,0.0,구름많음,26.9,28.8,0.1,0.0,72.0,서남서,0.0,216.0,243.0,319.0,172.0,168.0,407.0,220.0,72.0,1817.0
2020-07-31,맑음,24.4,27.2,0.0,0.0,85,북동,0.0,소나기 끝,27.7,30.2,0.3,0.0,80.0,서남서,0.0,206.0,226.0,325.0,151.0,154.0,571.0,389.0,65.0,2087.0
2020-08-01,약한 비 연속적,24.6,28.2,1.8,0.0,96,북동,0.0,비 끝,26.4,29.2,33.3,0.0,84.0,남남동,0.0,121.0,95.0,178.0,42.0,109.0,120.0,129.0,35.0,829.0
2020-08-02,약한 비 연속적,24.6,28.3,3.5,0.0,98,정온,0.0,"천둥번개 끝, 약한 비",23.7,27.2,31.2,0.0,96.0,남동,0.0,1.0,0.0,0.0,0.0,0.0,0.0,0.0,0.0,1.0
2020-08-03,약한 비 연속적,25.0,28.7,41.3,0.0,98,남서,0.0,흐림,25.5,28.8,74.6,0.0,91.0,남남동,0.0,243.0,238.0,348.0,172.0,194.0,215.0,250.0,41.0,1701.0
2020-08-04,약한 비 단속적,25.9,29.5,1.8,0.0,95,남,0.0,비 끝,27.9,30.8,2.5,0.0,85.0,남남서,0.0,253.0,267.0,331.0,194.0,182.0,184.0,423.0,40.0,1874.0
2020-08-05,약한 비 연속적,26.0,29.4,1.7,0.0,92,남,0.0,약한 비 단속적,27.2,30.5,5.5,0.0,90.0,북동,0.0,262.0,220.0,346.0,156.0,182.0,210.0,383.0,47.0,1806.0
2020-08-06,"천둥번개 끝, 약한 비",23.3,27.1,74.5,0.0,100,남서,0.0,흐림,25.6,28.4,75.7,0.0,84.0,남서,0.0,218.0,220.0,353.0,154.0,165.0,185.0,375.0,37.0,1707.0
2020-08-07,박무,22.8,26.2,0.0,0.0,94,북동,0.0,구름많음,25.8,27.7,0.0,0.0,72.0,동남동,0.0,171.0,235.0,331.0,144.0,178.0,200.0,238.0,28.0,1525.0
2020-08-08,구름많음,24.6,27.4,0.0,0.0,85,동북동,0.0,흐림,25.4,28.2,2.5,0.0,85.0,동,0.0,128.0,108.0,204.0,55.0,90.0,116.0,157.0,20.0,878.0
2020-08-09,약한 비 연속적,24.7,28.5,5.6,0.0,99,남동,0.0,약한 비 단속적,24.8,28.3,49.2,0.0,95.0,남남서,0.0,1.0,0.0,0.0,0.0,0.0,0.0,0.0,0.0,1.0
2020-08-10,약한 비 연속적,25.4,29.0,1.8,0.0,96,남,0.0,약한 비 연속적,26.7,30.3,33.0,0.0,95.0,북동,0.0,267.0,275.0,414.0,162.0,192.0,246.0,285.0,53.0,1894.0
2020-08-11,보통 비 연속적,22.7,26.4,94.7,0.0,99,북북서,0.0,흐림,26.1,29.0,97.0,0.0,86.0,서남서,0.0,248.0,266.0,384.0,174.0,187.0,218.0,282.0,47.0,1806.0
2020-08-12,흐림,24.8,28.2,0.0,0.0,93,북동,0.0,흐림,30.1,32.1,0.0,0.0,72.0,서남서,0.0,216.0,284.0,368.0,208.0,175.0,209.0,256.0,47.0,1763.0
2020-08-13,흐림,27.0,29.9,0.0,0.0,85,남남동,0.0,흐림,29.7,32.0,0.0,0.0,77.0,남남서,0.0,221.0,222.0,363.0,173.0,182.0,185.0,203.0,33.0,1582.0
2020-08-14,약한 비 단속적,26.8,29.8,0.2,0.0,87,남,0.0,흐림,27.4,30.1,0.4,0.0,82.0,서남서,0.0,177.0,225.0,340.0,153.0,171.0,187.0,229.0,34.0,1516.0
2020-08-15,"천둥번개 끝, 강한 비",25.0,28.7,41.7,0.0,98,서남서,0.0,비 끝,26.9,30.5,69.0,0.0,95.0,서,0.0,108.0,81.0,200.0,67.0,88.0,126.0,57.0,12.0,739.0
2020-08-16,흐림,25.8,28.9,0.0,0.0,89,남남서,0.0,구름많음,28.7,31.0,0.0,0.0,77.0,서남서,0.0,,,,,,,,,
2020-08-17,흐림,26.4,29.3,0.0,0.0,86,남남서,0.0,맑음,30.5,32.3,0.0,0.0,70.0,서북서,0.0,130.0,141.0,263.0,57.0,88.0,141.0,146.0,37.0,1003.0
2020-08-18,구름많음,25.4,28.5,0.0,0.0,89,남서,0.0,맑음,31.0,31.6,0.0,0.0,56.0,서,0.0,226.0,242.0,318.0,185.0,182.0,172.0,249.0,39.0,1613.0
2020-08-19,박무,25.0,27.8,0.0,0.0,84,서남서,0.0,맑음,29.9,31.1,0.0,0.0,63.0,서북서,0.0,198.0,206.0,282.0,170.0,164.0,196.0,245.0,38.0,1499.0
2020-08-20,박무,25.7,28.7,0.0,0.0,87,정온,0.0,연무,29.7,31.5,0.0,0.0,70.0,서북서,0.0,182.0,192.0,296.0,148.0,135.0,180.0,226.0,45.0,1404.0
2020-08-21,박무,26.0,28.8,0.0,0.0,84,동,0.0,흐림,28.3,30.8,2.5,0.0,79.0,북동,0.0,183.0,165.0,224.0,123.0,113.0,764.0,626.0,23.0,2221.0
2020-08-22,비 끝,25.0,27.8,0.0,0.0,84,북동,0.0,흐림,24.3,27.4,31.3,0.0,89.0,북동,0.0,92.0,78.0,131.0,55.0,64.0,446.0,362.0,4.0,1232.0
2020-08-23,구름조금,22.6,26.0,0.0,0.0,94,북동,0.0,구름조금,28.7,29.7,0.0,0.0,61.0,서,0.0,1.0,0.0,0.0,0.0,0.0,2.0,2.0,0.0,5.0
2020-08-24,구름조금,25.1,27.6,0.0,0.0,80,북동,0.0,구름많음,30.2,31.3,0.0,0.0,62.0,남남서,0.0,217.0,188.0,258.0,145.0,155.0,473.0,290.0,24.0,1750.0
2020-08-25,박무,27.3,30.0,0.0,0.0,82,동남동,0.0,구름많음,31.6,32.8,0.0,0.0,63.0,서,0.0,203.0,172.0,229.0,155.0,111.0,595.0,458.0,30.0,1953.0
2020-08-26,맑음,28.6,31.1,0.0,0.0,79,북동,0.0,흐림,32.7,33.2,0.0,0.0,55.0,동북동,0.0,174.0,146.0,203.0,112.0,122.0,975.0,825.0,16.0,2573.0
2020-08-27,약한 비 연속적,25.7,29.0,5.4,0.0,92,남남동,0.0,흐림,28.0,30.5,7.7,0.0,79.0,남서,0.0,172.0,123.0,206.0,123.0,145.0,828.0,700.0,13.0,2310.0
2020-08-28,비 끝,26.5,30.0,7.8,0.0,94,동남동,0.0,구름많음,28.5,31.4,13.6,0.0,85.0,서,0.0,159.0,140.0,191.0,107.0,120.0,474.0,355.0,17.0,1563.0
2020-08-29,구름조금,26.9,30.1,0.0,0.0,89,동남동,0.0,약한 소나기,28.2,30.9,8.5,0.0,82.0,남남서,0.0,121.0,63.0,106.0,36.0,81.0,198.0,102.0,6.0,713.0
2020-08-30,비 끝,25.1,28.8,39.8,0.0,98,정온,0.0,구름조금,29.6,31.9,39.8,0.0,77.0,서,0.0,,,,,,,,,
2020-08-31,흐림,24.7,27.4,0.0,0.0,84,북동,0.0,구름많음,28.8,30.7,0.0,0.0,72.0,북동,0.0,2.0,0.0,2.0,0.0,0.0,0.0,0.0,0.0,4.0
2020-09-01,흐림,24.4,26.6,0.0,0.0,76,동북동,0.0,비 끝,28.6,30.0,0.0,0.0,66.0,정온,0.0,,,,,,,,,
2020-09-02,약한 비 단속적,25.0,28.2,0.1,0.0,91,북동,0.0,보통 비 연속적,23.3,26.8,20.0,0.0,96.0,북동,0.0,,,,,,,,,
2020-09-03,보통 비 연속적,20.0,23.6,28.2,0.0,98,서,0.0,구름조금,24.3,26.4,29.5,0.0,75.0,남서,0.0,1.0,0.0,1.0,0.0,0.0,0.0,0.0,0.0,2.0
2020-09-04,맑음,21.4,23.7,0.0,0.0,78,남남서,0.0,맑음,26.2,26.0,0.0,0.0,46.0,남남서,0.0,0.0,0.0,1.0,0.0,0.0,0.0,0.0,0.0,1.0
2020-09-05,흐림,20.6,22.8,0.0,0.0,77,북동,0.0,구름많음,26.0,26.5,0.0,0.0,54.0,동남동,0.0,,,,,,,,,
2020-09-06,흐림,20.6,23.3,0.0,0.0,85,북동,0.0,약한 비 단속적,23.3,25.3,0.0,0.0,74.0,북동,0.0,,,,,,,,,
2020-09-07,보통 비 연속적,17.5,20.6,15.0,0.0,92,북,0.0,약한 비 연속적,20.0,23.6,44.8,0.0,99.0,서남서,0.0,,,,,,,,,
2020-09-08,비 끝,22.0,24.0,0.0,0.0,74,남서,0.0,맑음,25.0,25.6,0.0,0.0,55.0,남서,0.0,0.0,0.0,1.0,0.0,0.0,0.0,0.0,0.0,1.0
2020-09-09,박무,21.1,23.8,0.2,0.0,85,남,0.0,약한 비 단속적,21.2,23.5,1.3,0.0,79.0,남동,0.0,,,,,,,,,
2020-09-10,박무,19.5,22.8,3.9,0.0,95,북동,0.0,맑음,26.0,26.6,3.9,0.0,56.0,남남서,0.0,0.0,0.0,1.0,0.0,0.0,0.0,0.0,0.0,1.0
2020-09-11,구름많음,21.2,23.7,0.0,0.0,81,동,0.0,약한 비 단속적,22.3,24.4,0.2,0.0,75.0,북동,0.0,,,,,,,,,
2020-09-12,약한 비 단속적,18.9,22.1,4.9,0.0,93,정온,0.0,약한 비 단속적,21.7,24.2,5.7,0.0,82.0,동북동,0.0,,,,,,,,,
2020-09-13,맑음,18.6,20.8,0.0,0.0,78,동북동,0.0,맑음,24.6,25.4,0.0,0.0,58.0,북북서,0.0,,,,,,,,,
2020-09-14,맑음,19.1,22.2,0.0,0.0,91,남,0.0,흐림,23.0,25.1,0.0,0.0,75.0,서북서,0.0,194.0,186.0,207.0,120.0,146.0,147.0,124.0,15.0,1139.0
2020-09-15,박무,19.9,23.1,0.0,0.0,93,북동,0.0,흐림,25.4,26.8,0.0,0.0,65.0,서,0.0,213.0,183.0,258.0,128.0,140.0,148.0,157.0,10.0,1237.0
2020-09-16,박무,22.0,24.6,0.0,0.0,83,동,0.0,구름많음,22.8,25.2,0.3,0.0,80.0,남남동,0.0,147.0,214.0,226.0,101.0,124.0,147.0,45.0,10.0,1014.0
2020-09-17,흐림,20.5,22.6,0.0,0.0,76,서,0.0,구름많음,21.9,22.7,0.0,0.0,57.0,서남서,0.0,193.0,170.0,235.0,122.0,131.0,146.0,97.0,19.0,1113.0
2020-09-18,구름많음,18.8,21.0,0.0,0.0,77,서북서,0.0,맑음,23.3,24.4,0.0,0.0,61.0,서,0.0,157.0,166.0,201.0,102.0,109.0,137.0,114.0,25.0,1011.0
2020-09-19,맑음,18.8,21.5,0.3,0.0,85,동,0.0,맑음,23.6,24.3,0.3,0.0,57.0,서남서,0.0,83.0,87.0,153.0,44.0,78.0,97.0,75.0,0.0,617.0
2020-09-20,맑음,17.1,18.9,0.0,0.0,71,서,0.0,맑음,22.9,22.4,0.0,0.0,42.0,서,0.0,0.0,0.0,0.0,0.0,0.0,2.0,0.0,0.0,2.0
2020-09-21,흐림,15.0,17.1,0.0,0.0,76,북북동,0.0,구름많음,22.8,21.9,0.0,0.0,37.0,동,0.0,210.0,182.0,286.0,145.0,141.0,210.0,176.0,25.0,1375.0
2020-09-22,맑음,16.7,18.2,0.0,0.0,66,동북동,0.0,구름많음,23.8,23.6,0.0,0.0,45.0,동북동,0.0,185.0,210.0,257.0,130.0,137.0,180.0,170.0,14.0,1283.0
2020-09-23,흐림,15.7,17.2,0.0,0.0,66,북동,0.0,구름많음,21.1,21.7,0.0,0.0,55.0,북동,0.0,199.0,175.0,253.0,102.0,138.0,180.0,114.0,6.0,1167.0
2020-09-24,구름많음,18.4,19.8,0.0,0.0,66,동북동,0.0,구름많음,22.5,23.1,0.0,0.0,55.0,북동,0.0,144.0,163.0,228.0,103.0,154.0,154.0,105.0,24.0,1075.0
2020-09-25,흐림,17.8,19.9,0.0,0.0,76,서북서,0.0,맑음,22.2,23.0,0.0,0.0,57.0,동북동,0.0,163.0,165.0,233.0,84.0,131.0,157.0,78.0,9.0,1020.0
2020-09-26,구름많음,16.6,18.5,0.0,0.0,73,북동,0.0,맑음,22.0,22.4,0.0,0.0,52.0,북동,0.0,77.0,94.0,150.0,27.0,51.0,110.0,64.0,2.0,575.0
2020-09-27,맑음,17.0,19.0,0.0,0.0,74,동,0.0,구름많음,23.7,24.1,0.0,0.0,53.0,북서,0.0,0.0,0.0,0.0,0.0,0.0,0.0,3.0,0.0,3.0
2020-09-28,맑음,17.0,19.5,0.0,0.0,82,북동,0.0,맑음,23.4,23.8,0.0,0.0,53.0,서북서,0.0,210.0,194.0,271.0,152.0,117.0,191.0,77.0,20.0,1232.0
2020-09-29,구름많음,16.3,18.9,0.0,0.0,84,북동,0.0,흐림,21.8,22.5,0.0,0.0,56.0,서,0.0,157.0,144.0,243.0,120.0,143.0,341.0,96.0,15.0,1259.0
2020-09-30,박무,16.9,19.8,0.0,0.0,89,북동,0.0,소나기 끝,20.7,23.2,4.3,0.0,82.0,북,0.0,75.0,102.0,145.0,54.0,63.0,89.0,37.0,4.0,569.0
2020-10-01,구름많음,16.6,16.6,0.0,0.0,84,북동,0.0,구름많음,20.5,20.5,0.0,0.0,69.0,서남서,0.0,,,,,,,,,
2020-10-02,박무,17.6,17.6,0.0,0.0,82,남남동,0.0,흐림,20.1,20.1,0.0,0.0,80.0,남,0.0,2.0,0.0,0.0,0.0,0.0,0.0,0.0,0.0,2.0
2020-10-03,박무,18.6,18.6,0.0,0.0,86,북,0.0,구름많음,20.6,20.6,0.0,0.0,56.0,서남서,0.0,88.0,107.0,152.0,34.0,86.0,104.0,67.0,1.0,639.0
2020-10-04,흐림,17.1,17.1,0.0,0.0,76,서북서,0.0,비 끝,15.5,14.1,0.0,0.0,67.0,서북서,0.0,,,,,,,,,
2020-10-05,맑음,9.7,9.7,0.0,0.0,65,서,0.0,구름많음,16.0,15.7,0.0,0.0,50.0,서,0.0,208.0,223.0,332.0,156.0,165.0,191.0,309.0,7.0,1591.0
2020-10-06,맑음,10.4,10.4,0.0,0.0,79,정온,0.0,구름조금,17.1,17.1,0.0,0.0,39.0,북북서,0.0,174.0,234.0,312.0,158.0,181.0,153.0,206.0,9.0,1427.0
2020-10-07,맑음,10.9,10.9,0.0,0.0,64,동북동,0.0,구름많음,19.7,19.7,0.0,0.0,34.0,북서,0.0,147.0,214.0,305.0,153.0,193.0,177.0,297.0,31.0,1517.0
2020-10-08,맑음,13.8,13.6,0.0,0.0,73,동북동,0.0,맑음,20.2,20.2,0.0,0.0,36.0,북동,0.0,173.0,183.0,270.0,110.0,185.0,169.0,256.0,23.0,1369.0
2020-10-09,구름많음,13.5,13.5,0.0,0.0,64,동북동,0.0,구름조금,20.0,20.0,0.0,0.0,48.0,북동,0.0,154.0,138.0,176.0,14.0,85.0,103.0,148.0,15.0,833.0
2020-10-10,맑음,13.2,13.2,0.0,0.0,75,동,0.0,구름많음,18.9,18.9,0.0,0.0,53.0,북북동,0.0,95.0,114.0,178.0,62.0,80.0,78.0,501.0,9.0,1117.0
2020-10-11,구름많음,13.7,13.4,0.0,0.0,76,동북동,0.0,구름많음,19.0,19.0,0.0,0.0,63.0,서북서,0.0,5.0,0.0,0.0,0.0,0.0,0.0,0.0,0.0,5.0
2020-10-12,박무,14.2,14.2,0.0,0.0,87,북,0.0,맑음,18.1,18.1,0.0,0.0,59.0,서남서,0.0,235.0,250.0,334.0,164.0,155.0,225.0,340.0,131.0,1834.0
2020-10-13,구름많음,9.8,9.2,0.0,0.0,63,서,0.0,구름많음,16.7,16.7,0.0,0.0,39.0,서북서,0.0,218.0,226.0,319.0,168.0,170.0,50.0,317.0,108.0,1576.0
2020-10-14,흐림,12.3,11.7,0.0,0.0,70,북동,0.0,구름조금,12.7,11.8,0.0,0.0,26.0,서,0.0,216.0,209.0,281.0,163.0,140.0,0.0,114.0,62.0,1185.0
2020-10-15,흐림,7.2,7.2,0.0,0.0,52,북,0.0,구름많음,15.0,14.6,0.0,0.0,35.0,서북서,0.0,208.0,178.0,293.0,148.0,142.0,1.0,151.0,89.0,1210.0
2020-10-16,흐림,9.3,8.1,0.0,0.0,70,북동,0.0,흐림,14.4,14.4,0.0,0.0,59.0,서남서,0.0,196.0,191.0,239.0,136.0,115.0,109.0,136.0,61.0,1183.0
2020-10-17,박무,9.1,9.1,0.0,0.0,92,북북동,0.0,맑음,15.8,15.8,0.0,0.0,50.0,서,0.0,117.0,80.0,187.0,43.0,88.0,87.0,87.0,6.0,695.0
2020-10-18,맑음,7.8,7.2,0.0,0.0,80,북북동,0.0,맑음,16.7,16.6,0.0,0.0,62.0,서남서,0.0,,,,,,,,,
2020-10-19,박무,10.3,10.1,0.0,0.0,92,북동,0.0,연무,17.7,17.7,0.0,0.0,67.0,서,0.0,219.0,217.0,339.0,161.0,179.0,194.0,194.0,120.0,1623.0
2020-10-20,박무,10.4,9.9,0.0,0.0,94,북북동,0.0,맑음,18.4,18.4,0.0,0.0,46.0,북북서,0.0,226.0,219.0,335.0,169.0,177.0,297.0,297.0,95.0,1815.0
2020-10-21,흐림,12.9,12.4,0.0,0.0,71,북동,0.0,구름많음,15.9,15.9,0.0,0.0,65.0,북북동,0.0,239.0,209.0,279.0,154.0,185.0,160.0,133.0,61.0,1420.0
2020-10-22,박무,13.6,13.3,0.0,0.0,86,북동,0.0,맑음,14.4,13.5,0.0,0.0,47.0,서북서,0.0,208.0,201.0,300.0,133.0,183.0,323.0,173.0,79.0,1600.0
2020-10-23,맑음,5.8,3.9,0.0,0.0,68,서,0.0,맑음,10.3,8.6,0.0,0.0,40.0,서,0.0,198.0,197.0,282.0,129.0,149.0,336.0,176.0,100.0,1567.0
2020-10-24,맑음,3.5,3.5,0.0,0.0,57,서남서,0.0,맑음,11.9,11.3,0.0,0.0,39.0,남서,0.0,146.0,84.0,168.0,56.0,86.0,221.0,116.0,48.0,925.0
2020-10-25,구름조금,6.0,4.4,0.0,0.0,80,북북동,0.0,구름조금,14.8,14.7,0.0,0.0,50.0,서남서,0.0,,,,,,,,,
2020-10-26,맑음,8.3,7.4,0.0,0.0,91,북북동,0.0,맑음,15.7,15.7,0.0,0.0,55.0,서,0.0,245.0,225.0,316.0,172.0,178.0,335.0,169.0,118.0,1758.0
2020-10-27,박무,9.3,8.7,0.0,0.0,91,북북동,0.0,연무,16.6,16.6,0.0,0.0,64.0,서북서,0.0,235.0,232.0,312.0,155.0,192.0,410.0,204.0,118.0,1858.0
2020-10-28,박무,12.4,12.2,0.0,0.0,87,서북서,0.0,맑음,14.4,13.7,0.0,0.0,28.0,서,0.0,214.0,184.0,291.0,162.0,182.0,353.0,165.0,40.0,1591.0
2020-10-29,맑음,6.2,6.2,0.0,0.0,55,북북동,0.0,맑음,13.2,13.1,0.0,0.0,32.0,서북서,0.0,218.0,180.0,310.0,148.0,175.0,335.0,140.0,83.0,1589.0
2020-10-30,맑음,6.0,4.6,0.0,0.0,62,북동,0.0,맑음,15.3,15.3,0.0,0.0,35.0,서북서,0.0,190.0,180.0,250.0,130.0,154.0,316.0,149.0,71.0,1440.0
2020-10-31,구름많음,8.9,7.4,0.0,0.0,73,동북동,0.0,구름많음,15.5,15.3,0.0,0.0,56.0,남남서,0.0,146.0,70.0,168.0,40.0,103.0,186.0,77.0,16.0,806.0
2020-11-01,비 끝,13.4,12.2,1.7,0.0,87,남,0.0,박무,14.0,13.8,13.6,0.0,95.0,남남서,0.0,,,,,,,,,
2020-11-02,맑음,7.9,7.0,0.0,0.0,77,서북서,0.0,맑음,12.0,10.9,0.0,0.0,45.0,서,0.0,264.0,208.0,355.0,177.0,207.0,203.0,197.0,129.0,1740.0
2020-11-03,맑음,3.2,0.4,0.5,0.0,46,서남서,0.0,맑음,5.3,2.8,0.5,0.0,44.0,서,0.0,230.0,234.0,314.0,159.0,200.0,103.0,982.0,124.0,2346.0
2020-11-04,맑음,0.5,-1.2,0.0,0.0,43,서남서,0.0,맑음,8.0,6.4,0.0,0.0,39.0,서남서,0.0,234.0,209.0,309.0,160.0,190.0,209.0,241.0,75.0,1627.0
2020-11-05,맑음,3.9,1.6,0.0,0.0,71,동북동,0.0,구름많음,12.7,12.1,0.0,0.0,61.0,서북서,0.0,205.0,227.0,278.0,139.0,213.0,208.0,246.0,95.0,1611.0
2020-11-06,흐림,10.1,9.4,0.0,0.0,63,북북동,0.0,구름많음,15.8,15.8,0.0,0.0,60.0,남남서,0.0,184.0,181.0,259.0,122.0,175.0,194.0,194.0,58.0,1367.0
2020-11-07,박무,13.9,13.5,0.1,0.0,84,서남서,0.0,맑음,14.6,13.9,0.1,0.0,51.0,서남서,0.0,130.0,95.0,166.0,40.0,118.0,128.0,130.0,38.0,845.0
2020-11-08,맑음,8.0,6.9,0.0,0.0,54,서,0.0,맑음,8.1,5.3,0.0,0.0,24.0,서,0.0,,,,,,,,,
2020-11-09,맑음,1.3,-0.1,0.0,0.0,45,서,0.0,흐림,8.1,6.9,0.0,0.0,41.0,서,0.0,240.0,243.0,335.0,167.0,221.0,186.0,260.0,51.0,1703.0
2020-11-10,맑음,4.0,2.5,0.0,0.0,69,서,0.0,맑음,10.0,8.7,0.0,0.0,52.0,남서,0.0,233.0,217.0,328.0,178.0,215.0,209.0,275.0,37.0,1692.0
2020-11-11,맑음,3.8,2.6,0.0,0.0,69,북동,0.0,맑음,12.6,12.6,0.0,0.0,42.0,서,0.0,224.0,199.0,192.0,141.0,216.0,204.0,381.0,86.0,1643.0
2020-11-12,맑음,4.7,3.0,0.0,0.0,75,북북동,0.0,맑음,13.4,13.0,0.0,0.0,45.0,서,0.0,206.0,189.0,240.0,156.0,191.0,202.0,248.0,112.0,1544.0
2020-11-13,흐림,9.3,8.6,0.0,0.0,72,북북동,0.0,연무,14.5,14.5,0.0,0.0,67.0,서북서,0.0,208.0,170.0,259.0,139.0,142.0,220.0,226.0,37.0,1401.0
2020-11-14,박무,7.0,5.9,0.0,0.0,93,북동,0.0,구름많음,15.8,15.8,0.0,0.0,47.0,남서,0.0,131.0,99.0,189.0,51.0,115.0,265.0,137.0,31.0,1018.0
2020-11-15,박무,8.5,8.0,0.0,0.0,80,북북동,0.0,맑음,12.5,12.5,0.0,0.0,69.0,서,0.0,1.0,0.0,0.0,0.0,0.0,0.0,0.0,0.0,1.0
2020-11-16,박무,7.5,6.5,0.0,0.0,91,북동,0.0,맑음,15.3,15.3,0.0,0.0,57.0,서북서,0.0,249.0,167.0,324.0,180.0,228.0,466.0,257.0,52.0,1923.0
2020-11-17,흐림,13.0,12.3,0.0,0.0,71,동북동,0.0,비 끝,18.4,18.4,0.0,0.0,65.0,정온,0.0,233.0,203.0,302.0,141.0,211.0,446.0,236.0,98.0,1870.0
2020-11-18,박무,15.4,15.3,6.3,0.0,96,북동,0.0,비 끝,16.8,16.6,9.9,0.0,93.0,북동,0.0,209.0,183.0,272.0,142.0,182.0,376.0,178.0,41.0,1583.0
2020-11-19,"약한 천둥번개, 비",18.7,18.7,68.2,0.0,100,남남서,0.0,흐림,9.6,7.0,86.9,0.0,81.0,서남서,0.0,194.0,149.0,241.0,122.0,198.0,399.0,207.0,47.0,1557.0
2020-11-20,흐림,3.1,-0.4,0.0,0.0,76,서,0.0,맑음,2.3,-1.2,0.0,0.0,69.0,서북서,0.0,228.0,149.0,264.0,127.0,193.0,348.0,162.0,39.0,1510.0
2020-11-21,구름조금,0.7,-2.9,0.0,0.0,82,북동,0.0,흐림,10.2,9.2,0.0,0.0,59.0,북동,0.0,144.0,84.0,153.0,52.0,117.0,245.0,128.0,17.0,940.0
2020-11-22,약한 비 연속적,5.1,3.1,4.4,0.0,88,북서,0.0,흐림,6.1,3.3,4.8,0.0,74.0,서,0.0,,,,,,,,,
2020-11-23,맑음,-1.4,-1.4,0.0,0.0,81,북동,0.0,맑음,2.7,0.8,0.0,0.0,50.0,북북동,0.0,60.0,58.0,61.0,41.0,60.0,103.0,38.0,37.0,458.0
2020-11-24,구름많음,1.3,-0.3,0.0,0.0,60,북북동,0.0,맑음,4.5,2.5,0.0,0.0,46.0,서,0.0,,,,,,,,,
2020-11-25,구름많음,0.1,-2.1,0.0,0.0,73,북북동,0.0,구름많음,7.7,7.7,0.0,0.0,59.0,북동,0.0,,,,,,,,,
2020-11-26,박무,2.0,0.1,0.0,0.0,81,북북동,0.0,구름조금,7.1,5.6,0.0,0.0,56.0,서북서,0.0,,,,,,,,,
2020-11-27,구름조금,3.6,1.4,0.0,0.0,75,서,0.0,맑음,4.1,0.6,0.0,0.0,47.0,서,0.0,,,,,,,,,
2020-11-28,맑음,-2.2,-6.3,0.0,0.0,58,서,0.0,구름많음,0.5,-2.1,0.0,0.0,48.0,서북서,0.0,,,,,,,,,
2020-11-29,흐림,-2.4,-5.7,0.0,0.0,62,북동,0.0,구름조금,1.0,-1.5,0.0,0.0,65.0,서,0.0,,,,,,,,,
2020-11-30,맑음,-3.4,-3.4,0.0,0.0,71,서,0.0,맑음,1.5,-0.2,0.0,0.0,52.0,서,0.0,,,,,,,,,
2020-12-01,맑음,-3.5,-3.5,0.0,0.0,62,북북동,0.0,구름많음,3.5,0.7,0.0,0.0,39.0,북서,0.0,,,,,,,,,
2020-12-02,흐림,1.0,1.0,0.0,0.0,47,북,0.0,구름많음,3.6,1.3,0.0,0.0,40.0,서,0.0,,,,,,,,,
2020-12-03,맑음,-1.0,-3.6,0.0,0.0,55,서북서,0.0,맑음,1.4,-1.9,0.0,0.0,41.0,서,0.0,,,,,,,,,
2020-12-04,맑음,-4.1,-6.3,0.0,0.0,72,서북서,0.0,맑음,1.4,-0.3,0.0,0.0,44.0,북서,0.0,,,,,,,,,
2020-12-05,구름조금,-2.2,-5.6,0.0,0.0,73,북북동,0.0,구름많음,4.2,1.5,0.0,0.0,57.0,서,0.0,,,,,,,,,
2020-12-06,구름조금,1.2,1.2,0.0,0.0,75,북동,0.0,맑음,5.8,4.2,0.0,0.0,61.0,서,0.0,,,,,,,,,
2020-12-07,연무,3.5,1.4,0.0,0.0,74,서,0.0,맑음,2.7,-1.2,0.0,0.0,42.0,북서,0.0,,,,,,,,,
2020-12-08,구름많음,-3.0,-6.1,0.0,0.0,60,북서,0.0,맑음,1.3,-2.1,0.0,0.0,42.0,서,0.0,,,,,,,,,
2020-12-09,맑음,-4.0,-7.7,0.0,0.0,69,북동,0.0,구름많음,4.4,2.8,0.0,0.0,51.0,북북서,0.0,,,,,,,,,
2020-12-10,흐림,3.3,2.0,0.0,0.0,68,북북동,0.0,연무,8.2,6.5,0.0,0.0,73.0,서,0.0,,,,,,,,,
2020-12-11,박무,2.7,0.6,0.0,0.0,92,북,0.0,연무,7.1,5.5,0.0,0.0,66.0,서,0.0,,,,,,,,,
2020-12-12,맑음,-0.3,-0.3,0.0,0.0,67,서북서,0.0,맑음,3.3,1.0,0.0,0.0,39.0,서,0.0,,,,,,,,,
2020-12-13,보통 눈 단속적,0.2,-2.4,1.5,2.8,94,동,0.0,구름조금,-1.7,-6.9,2.9,1.7,72.0,서,0.0,,,,,,,,,
2020-12-14,맑음,-9.6,-14.6,0.0,1.6,55,서,0.0,맑음,-6.8,-12.5,0.0,1.0,45.0,서,0.0,,,,,,,,,
2020-12-15,맑음,-11.1,-11.1,0.0,1.0,44,서,0.0,맑음,-6.8,-10.8,0.0,0.9,36.0,서북서,0.0,,,,,,,,,
2020-12-16,맑음,-10.6,-15.2,0.0,0.8,47,북서,0.0,맑음,-6.0,-10.5,0.0,0.7,33.0,서,0.0,,,,,,,,,
2020-12-17,맑음,-10.6,-14.3,0.0,0.7,58,북동,0.0,맑음,-1.6,-3.4,0.0,0.5,39.0,서남서,0.0,,,,,,,,,
2020-12-18,눈 끝,-2.0,-5.1,0.2,0.6,73,북동,0.0,맑음,-1.1,-5.1,0.2,0.0,48.0,서,0.0,,,,,,,,,
2020-12-19,맑음,-9.5,-14.6,0.0,0.0,53,서남서,0.0,맑음,-3.1,-5.5,0.0,0.0,42.0,서,0.0,,,,,,,,,
2020-12-20,맑음,-8.1,-11.7,0.0,0.0,57,북북동,0.0,맑음,-1.4,-5.0,0.0,0.0,44.0,서,0.0,,,,,,,,,
2020-12-21,맑음,-5.9,-9.0,0.0,0.0,77,북북동,0.0,맑음,1.7,-0.2,0.0,0.0,57.0,서,0.0,,,,,,,,,
2020-12-22,구름많음,-1.4,-4.7,0.0,0.0,79,북북동,0.0,맑음,4.3,2.6,0.0,0.0,54.0,서남서,0.0,,,,,,,,,
2020-12-23,박무,1.0,-1.6,0.0,0.0,79,북동,0.0,비 끝,7.5,5.3,0.0,0.0,74.0,남남서,0.0,,,,,,,,,
2020-12-24,박무,2.9,0.2,0.0,0.0,73,남서,0.0,맑음,1.7,-2.2,0.0,0.0,53.0,서,0.0,,,,,,,,,
2020-12-25,맑음,-4.6,-4.6,0.0,0.0,61,남서,0.0,맑음,1.2,-1.3,0.0,0.0,43.0,서남서,0.0,,,,,,,,,
2020-12-26,맑음,-2.0,-4.9,0.0,0.0,78,북북동,0.0,맑음,5.0,5.0,0.0,0.0,59.0,서,0.0,,,,,,,,,
2020-12-27,연무,2.3,-0.3,0.0,0.0,74,북동,0.0,흐림,7.9,6.2,0.0,0.0,52.0,남동,0.0,,,,,,,,,
2020-12-28,박무,4.6,3.1,1.3,0.0,87,북북동,0.0,구름많음,8.1,8.1,1.3,0.0,55.0,동남동,0.0,,,,,,,,,
2020-12-29,박무,1.9,1.9,0.0,0.0,85,북북동,0.0,약한 눈 단속적,-0.1,-3.8,0.2,0.0,67.0,서,0.0,,,,,,,,,
2020-12-30,맑음,-12.2,-18.8,0.0,0.0,63,서북서,0.0,맑음,-10.7,-17.7,0.0,0.0,53.0,서남서,0.0,,,,,,,,,
2020-12-31,맑음,-12.4,-17.1,0.0,0.0,55,서북서,0.0,맑음,-6.7,-11.0,0.0,0.0,54.0,서남서,0.0,,,,,,,,,
