Date,코스피_Close,코스피_Open,코스피_High,코스피_Low,코스피_Volume,코스피_Change,코스닥_Close,코스닥_Open,코스닥_High,코스닥_Low,코스닥_Volume,코스닥_Change,네이버_Open,네이버_High,네이버_Low,네이버_Close,네이버_Volume,네이버_Change,카카오_Open,카카오_High,카카오_Low,카카오_Close,카카오_Volume,카카오_Change,삼성전자_Open,삼성전자_High,삼성전자_Low,삼성전자_Close,삼성전자_Volume,삼성전자_Change
2021-01-04,2944.45,2874.5,2946.54,2869.11,1030000000.0,0.024700000000000003,977.62,968.86,977.62,960.52,1700000000.0,0.0095,291500,294000,285500,293000,947178,0.0017094017094017033,78680,79583,77375,79483,853740,0.016679671011397,81000,84400,80200,83000,38655276,0.024691358024691468
2021-01-05,2990.57,2943.67,2990.57,2921.84,1520000000.0,0.015700000000000002,985.76,976.43,985.76,965.53,1810000000.0,0.0083,291500,292500,286500,292500,912657,-0.0017064846416382506,78880,79381,77676,78881,748559,-0.007573946630097028,81600,83900,81600,83900,35335669,0.010843373493975905
2021-01-06,2968.21,2993.34,3027.16,2961.37,1790000000.0,-0.0075,981.39,987.25,990.88,977.37,1980000000.0,-0.0044,292500,300500,289500,290000,1375856,-0.008547008547008517,79282,82291,79181,79383,1435715,0.006364016683358509,83300,84500,82100,82200,42089013,-0.020262216924910592
2021-01-07,3031.68,2980.75,3055.28,2980.75,1520000000.0,0.021400000000000002,988.86,983.28,993.91,982.27,2260000000.0,0.0076,288500,292000,286500,289500,1155734,-0.0017241379310344307,80687,80987,78880,80788,775191,0.017699003564995097,82800,84200,82700,82900,32644642,0.008515815085158085
2021-01-08,3152.18,3040.11,3161.11,3040.11,1300000000.0,0.0397,987.79,990.7,995.22,978.12,2560000000.0,-0.0011,293500,312000,290000,312000,3175396,0.07772020725388606,82896,87512,81189,87111,2466715,0.07826657424369965,83300,90000,83000,88800,59013307,0.07117008443908324
2021-01-11,3148.45,3161.9,3266.23,3096.19,1710000000.0,-0.0012,976.63,988.38,993.2,953.36,2200000000.0,-0.0113,320000,323500,301000,309000,2765169,-0.009615384615384581,88515,92929,86106,90924,3157747,0.04377173950476987,90000,96800,89500,91000,90306177,0.024774774774774855
2021-01-12,3125.95,3145.87,3154.79,3047.56,1390000000.0,-0.0070999999999999995,973.72,977.14,982.46,956.72,1740000000.0,-0.003,305000,308500,292500,304000,1573299,-0.016181229773462813,89518,92327,86909,91827,1577872,0.009931371255114119,90300,91400,87800,90600,48682416,-0.00439560439560438
2021-01-13,3148.29,3128.26,3164.37,3109.63,1580000000.0,0.0070999999999999995,979.13,974.14,982.66,972.1,1640000000.0,0.005600000000000001,306000,317500,304000,314000,1894304,0.03289473684210531,92026,92729,90221,91225,806402,-0.006555806026549926,89800,91200,89100,89700,36068848,-0.009933774834437137
2021-01-14,3149.93,3148.65,3159.03,3128.72,1230000000.0,0.0005,980.29,979.1,980.29,973.63,1740000000.0,0.0012,318500,326000,314000,318000,1548585,0.01273885350318471,91123,92929,90321,90623,802076,-0.006599068237873373,88700,90000,88700,89700,26393970,0.0
2021-01-15,3085.9,3153.84,3189.9,3085.9,1330000000.0,-0.0203,964.44,981.72,982.31,963.09,1840000000.0,-0.016200000000000003,320500,323000,305500,306000,1106810,-0.037735849056603765,90722,92127,87611,87813,995726,-0.031007580856956873,89800,91800,88000,88000,33431809,-0.018952062430323324
2021-01-18,3013.93,3079.9,3079.9,3003.89,1470000000.0,-0.0233,944.67,963.18,967.05,940.11,2040000000.0,-0.020499999999999997,304500,308500,300000,300500,864969,-0.017973856209150374,87010,88616,85706,85806,839984,-0.022855385876806356,86600,87300,84100,85000,43227951,-0.03409090909090906
2021-01-19,3092.66,3013.05,3107.0,3011.32,1350000000.0,0.026099999999999998,957.75,945.33,962.14,936.93,2109999999.9999998,0.0138,303500,310500,299500,308000,880238,0.024958402662229595,85906,89218,85906,88315,583997,0.02924037946064373,84500,88000,83600,87000,39895044,0.0235294117647058
2021-01-20,3114.55,3115.04,3145.01,3077.15,1190000000.0,0.0070999999999999995,977.66,959.52,978.88,959.52,2440000000.0,0.0208,313500,313500,302000,308000,885472,0.0,89921,90322,87713,89118,596340,0.00909245315065399,89000,89000,86500,87200,25211127,0.0022988505747125743
2021-01-21,3160.84,3123.27,3163.21,3123.27,1360000000.0,0.0149,981.4,979.82,984.98,975.62,2000000000.0,0.0038,316500,326000,316000,322500,1941446,0.04707792207792205,90824,92530,90724,91125,679093,0.022520702888305433,87500,88600,86500,88100,25318011,0.010321100917431103
2021-01-22,3140.63,3163.83,3185.26,3140.6,1110000000.0,-0.0064,979.98,982.2,984.67,975.05,2290000000.0,-0.0014000000000000002,332000,350000,326000,343500,3303950,0.06511627906976747,91525,95539,90823,92931,1162395,0.019818930041152205,89000,89700,86800,86800,30861661,-0.014755959137343955
2021-01-25,3208.99,3144.01,3212.22,3142.8,1090000000.0,0.0218,999.3,981.05,999.64,981.05,1850000000.0,0.0197,349000,353000,340000,349000,1593848,0.01601164483260553,94738,95440,92329,95039,720170,0.022683496357512656,87000,89900,86300,89400,27258534,0.02995391705069128
2021-01-26,3140.31,3203.96,3209.18,3132.67,873020000.0,-0.021400000000000002,994.0,1000.0,1007.52,989.03,2650000000.0,-0.0053,350500,351000,338000,342000,1247284,-0.02005730659025784,96143,96143,92430,92530,812266,-0.026399688548911504,88800,89200,86500,86700,33178936,-0.030201342281879207
2021-01-27,3122.56,3143.46,3182.53,3118.89,924580000.0,-0.005699999999999999,985.92,996.42,1000.75,984.37,2860000000.0,-0.008100000000000001,347000,352000,339500,341500,1149246,-0.0014619883040936088,92931,95741,92530,93333,719814,0.008678266508159505,86600,87700,85600,85600,26423070,-0.012687427912341454
2021-01-28,3069.05,3114.98,3114.98,3046.64,1310000000.0,-0.0171,961.23,980.7,980.7,957.17,1950000000.0,-0.025,336000,366000,335000,355000,2285696,0.039531478770131745,91125,94035,90724,91928,921812,-0.015053625191518538,83200,85600,83200,83700,31859808,-0.02219626168224298
2021-01-29,2976.21,3078.73,3100.22,2962.7,995070000.0,-0.030299999999999997,928.73,963.58,970.95,918.68,2190000000.0,-0.0338,362000,362000,340500,343000,1607894,-0.033802816901408406,92329,92430,87512,88516,1070093,-0.037116003829083644,84500,85000,82000,82000,39615978,-0.020310633213859064
2021-02-01,3056.53,2976.81,3056.87,2947.24,969260000.0,0.027000000000000003,956.92,927.92,957.26,918.92,1550000000.0,0.0304,346500,352500,341500,348000,988630,0.014577259475218707,87512,88917,85304,88616,910101,0.0011297392561797626,81700,83400,81000,83000,28046832,0.012195121951219523
2021-02-02,3096.81,3065.56,3138.95,3065.56,887310000.0,0.0132,963.81,958.85,972.35,953.72,1960000000.0,0.0072,358000,373000,353000,362500,1951062,0.04166666666666674,90322,91727,89017,89419,662905,0.00906156901688182,84100,86400,83700,84400,26302077,0.01686746987951815
2021-02-03,3129.68,3108.42,3142.26,3091.85,901790000.0,0.0106,970.69,965.99,970.85,958.47,1910000000.0,0.0070999999999999995,366500,371000,361000,370500,1197680,0.022068965517241468,90422,92730,89720,92731,758097,0.03703910801954846,84800,85400,83400,84600,22112205,0.0023696682464455776
2021-02-04,3087.55,3135.02,3135.02,3068.46,1460000000.0,-0.013500000000000002,964.58,970.93,970.95,958.05,2160000000.0,-0.0063,368000,368500,356000,358000,1160116,-0.03373819163292846,92929,92929,90120,91225,516837,-0.016240523665225215,83500,83800,82100,82500,24171688,-0.024822695035460973
2021-02-05,3120.63,3098.49,3124.62,3081.78,1190000000.0,0.010700000000000001,967.42,965.61,970.6,961.26,1990000000.0,0.0029,363500,371500,356500,362500,982325,0.012569832402234526,91727,92530,89820,91326,408416,0.0011071526445600721,83100,84000,82500,83500,18036835,0.0121212121212122
2021-02-08,3091.24,3113.63,3128.54,3085.59,1280000000.0,-0.009399999999999999,960.78,966.94,968.03,956.93,2130000000.0,-0.0069,361500,364500,357000,357500,712484,-0.01379310344827589,91325,92729,90321,91727,516115,0.004390863499988962,83800,84200,83000,83000,15338765,-0.005988023952095856
2021-02-09,3084.67,3102.25,3129.66,3084.67,2150000000.0,-0.0021,957.85,961.31,966.22,957.69,3200000000.0,-0.003,359500,362000,355000,358500,667655,0.002797202797202747,92329,93835,90824,92530,735565,0.008754238119637714,84000,84800,82700,82700,20898332,-0.0036144578313253017
2021-02-10,3100.58,3088.13,3111.88,3064.25,2150000000.0,0.0052,964.31,958.45,964.66,951.21,2810000000.0,0.0067,365000,368500,359000,366500,1147417,0.02231520223152028,93533,98449,93533,98250,1814483,0.0618177888252458,82600,82600,81600,81600,23025766,-0.013301088270858519
2021-02-15,3147.0,3108.7,3156.56,3108.7,1600000000.0,0.015,981.97,965.83,982.78,965.83,3030000000.0,0.0183,383500,387999,378000,385500,1172475,0.05184174624829474,100156,101360,98751,100759,1052548,0.025536895674300286,83800,84500,83300,84200,23529706,0.031862745098039325
2021-02-16,3163.25,3151.85,3180.94,3145.84,1940000000.0,0.0052,977.74,982.81,987.89,974.3,2990000000.0,-0.0043,391500,405000,390000,394000,1567108,0.02204928664072625,101161,104172,100258,103168,1076048,0.023908534225230538,84500,86000,84200,84900,20483100,0.008313539192398967
2021-02-17,3133.73,3162.95,3162.95,3115.48,1780000000.0,-0.009300000000000001,979.77,977.93,979.9,970.55,5070000000.0,0.0021,396500,396500,386000,392000,1161595,-0.005076142131979711,103367,103367,100959,102164,562572,-0.009731699751861056,83900,84200,83000,83200,18307735,-0.020023557126030656
2021-02-18,3086.66,3131.74,3140.4,3086.66,1860000000.0,-0.015,967.42,980.01,981.83,967.42,4410000000.0,-0.0126,391500,400000,386500,388000,1020222,-0.010204081632653073,101562,103770,100559,100559,466922,-0.01571003484593403,83200,83600,82100,82100,21327683,-0.013221153846153855
2021-02-19,3107.62,3089.96,3109.67,3040.28,3460000000.0,0.0068000000000000005,965.11,967.65,968.92,944.74,4390000000.0,-0.0024,387000,398500,385500,398000,1047043,0.025773195876288568,99756,101562,98351,101161,695664,0.005986535267852755,82300,82800,81000,82600,25880879,0.006090133982947554
2021-02-22,3079.75,3114.03,3142.48,3079.16,1830000000.0,-0.009000000000000001,954.29,965.55,969.96,953.48,2730000000.0,-0.011200000000000002,400000,405500,384500,386500,1289395,-0.028894472361809087,101360,102363,98350,98451,640993,-0.026788979942863334,83800,84200,82200,82200,25419886,-0.004842615012106588
2021-02-23,3070.09,3069.26,3094.29,3035.46,2360000000.0,-0.0031,936.6,952.23,952.23,934.35,3390000000.0,-0.018500000000000003,379000,394500,378499,390500,1017577,0.010349288486416475,96645,98852,95741,97749,665417,-0.0071304506810494495,81200,82900,81100,82000,20587314,-0.0024330900243308973
2021-02-24,2994.98,3070.58,3092.05,2993.46,1560000000.0,-0.0245,906.31,936.8,944.71,906.31,3620000000.0,-0.0323,389500,391500,374000,374000,1078485,-0.04225352112676062,97749,98853,94838,95039,667209,-0.02772406878842748,81800,83600,81300,82000,26807651,0.0
2021-02-25,3099.69,3026.47,3099.8,3026.47,1280000000.0,0.035,936.21,910.15,936.94,910.15,2450000000.0,0.033,380500,384500,374500,383000,757476,0.02406417112299475,95942,97247,95039,97247,562549,0.023232567682740735,84000,85400,83000,85300,34155986,0.040243902439024426
2021-02-26,3012.95,3089.49,3089.49,2988.28,1360000000.0,-0.027999999999999997,913.94,930.54,930.54,904.18,2640000000.0,-0.023799999999999998,372000,378499,368500,375000,1170208,-0.02088772845953002,99854,100757,96443,97949,1617276,0.007218731683239499,82800,83400,82000,82500,38520800,-0.03282532239155922
2021-03-02,3043.87,3021.68,3096.5,3020.74,1750000000.0,0.0103,923.17,919.17,936.61,914.49,2960000000.0,0.0101,389000,390000,375500,377500,1240322,0.006666666666666599,100157,101161,98351,98652,922034,0.007177204463547415,85100,85300,83000,83600,33498180,0.01333333333333342
2021-03-03,3082.99,3041.2,3083.04,3029.37,2240000000.0,0.0129,930.8,922.52,930.86,920.07,3390000000.0,0.0083,379000,399500,377500,399500,1287551,0.05827814569536427,98450,99353,97948,99053,528321,0.0040647934152373555,83500,84000,82800,84000,19882132,0.004784688995215225
2021-03-04,3043.49,3076.88,3076.88,3022.54,1280000000.0,-0.0128,926.2,929.09,929.09,916.75,2450000000.0,-0.0049,392000,401000,389000,391500,1585134,-0.020025031289111372,97847,98349,96543,96745,694890,-0.023300657223910393,82600,83200,82200,82400,24348331,-0.01904761904761909
2021-03-05,3026.26,3036.16,3036.98,2982.45,1190000000.0,-0.005699999999999999,923.48,923.32,924.42,907.41,2170000000.0,-0.0029,386000,386500,371000,377500,1594386,-0.03575989782886335,94135,95137,92930,94537,712633,-0.022822884903612617,81100,82600,81100,82100,20508971,-0.00364077669902918
2021-03-08,2996.11,3031.99,3055.65,2992.64,1930000000.0,-0.01,904.77,925.19,931.14,904.62,3320000000.0,-0.0203,382000,386000,366500,368500,1031748,-0.02384105960264904,94738,95240,91125,91125,681524,-0.036091688968340474,82900,83000,81600,82000,17641256,-0.0012180267965895553
2021-03-09,2976.12,2989.96,3000.49,2929.36,1530000000.0,-0.0067,896.36,904.04,904.04,877.73,3510000000.0,-0.009300000000000001,366500,371500,350000,361500,1313900,-0.018995929443690662,90021,90623,87211,88516,1068670,-0.028631001371742126,81400,81900,80600,81400,25420764,-0.007317073170731714
2021-03-10,2958.12,2980.76,3013.95,2951.53,905650000.0,-0.006,890.07,900.19,911.04,890.07,2880000000.0,-0.006999999999999999,373000,378000,368000,372000,946917,0.029045643153526868,90823,93230,90120,92329,899669,0.043076957838130925,82400,82500,80700,80900,20038422,-0.00614250614250611
2021-03-11,3013.7,2964.3,3028.37,2964.3,1350000000.0,0.018799999999999997,908.01,890.97,908.01,890.97,2420000000.0,0.0202,372500,377500,366000,373500,1024741,0.0040322580645162365,92430,97247,91727,96143,928091,0.04130879788582131,81000,82500,81000,82000,23818297,0.013597033374536549
2021-03-12,3054.39,3030.73,3061.43,3030.73,1670000000.0,0.013500000000000002,925.49,910.41,925.9,910.41,2860000000.0,0.019299999999999998,396000,396000,378499,380500,969276,0.018741633199464536,98148,98349,95740,96544,435063,0.004170870474189403,83100,83500,82400,82800,13530573,0.009756097560975618
2021-03-15,3045.71,3057.06,3065.17,3036.14,1160000000.0,-0.0028000000000000004,926.9,926.04,929.69,921.71,2340000000.0,0.0015,382000,385500,377499,383000,609496,0.006570302233902758,96344,96745,94738,96143,345981,-0.004153546569439892,82800,82900,81800,81800,13735798,-0.012077294685990392
2021-03-16,3067.17,3049.23,3071.54,3049.23,1120000000.0,0.006999999999999999,940.65,928.17,941.0,928.17,3370000000.0,0.0148,384500,389500,384000,385500,574082,0.006527415143603221,96544,97347,95942,96143,270853,0.0,82200,83000,82100,82800,12293537,0.012224938875305513
2021-03-17,3047.5,3067.76,3069.57,3027.2,814990000.0,-0.0064,943.78,941.2,943.78,935.11,2760000000.0,0.0033,388000,391500,380500,383500,1200355,-0.005188067444876765,96142,98549,95941,97347,403953,0.012523012595820893,82800,82900,82000,82300,11625146,-0.006038647342995196
2021-03-18,3066.01,3054.93,3090.19,3054.93,1230000000.0,0.0060999999999999995,949.83,945.11,953.1,945.11,2060000000.0,0.0064,388500,410000,386499,403500,1818409,0.052151238591916504,98049,101159,97547,99956,771697,0.02680103136203482,82800,83800,82600,82900,18585244,0.007290400972053357
2021-03-19,3039.53,3063.01,3063.01,3022.49,1070000000.0000001,-0.0086,952.11,946.61,953.06,935.27,1660000000.0,0.0024,397000,407500,394999,402000,1258199,-0.0037174721189591198,98050,99755,97146,98853,516981,-0.01103485533634796,82100,82500,81800,81900,15869700,-0.012062726176115812
2021-03-22,3035.46,3040.01,3048.11,3019.6,915740000.0,-0.0013,955.38,953.04,957.52,948.77,1780000000.0,0.0034000000000000002,402500,405500,393000,396500,911358,-0.013681592039801016,98953,99654,97949,99154,315035,0.0030449252931119553,82000,82300,81700,82000,12670506,0.0012210012210012167
2021-03-23,3004.74,3038.25,3058.79,3003.05,1330000000.0,-0.0101,946.31,956.1,962.65,945.97,2040000000.0,-0.0095,396999,399000,384000,386000,1167110,-0.02648171500630514,99553,100958,97447,98451,379964,-0.007089981241301446,82600,82900,81800,81800,13299907,-0.0024390243902439046
2021-03-24,2996.35,2996.32,3006.54,2971.04,978430000.0,-0.0028000000000000004,953.82,946.23,954.2,939.19,1730000000.0,0.0079,380000,387000,376000,387000,763754,0.002590673575129543,97647,98751,96744,98752,288563,0.003057358482900119,81000,81600,80700,81000,17926638,-0.009779951100244544
2021-03-25,3008.33,2995.67,3024.63,2987.83,940350000.0,0.004,954.99,953.26,955.24,948.34,1750000000.0,0.0012,381500,384000,378000,380000,672585,-0.018087855297157618,98349,98549,96744,97347,388531,-0.014227559948152946,81000,82100,80800,81200,14758826,0.0024691358024691024
2021-03-26,3041.01,3012.79,3041.86,3012.79,1040000000.0,0.0109,956.7,955.68,959.46,951.13,2130000000.0,0.0018,380000,383000,377000,383000,691786,0.007894736842105177,97948,99353,97547,99354,384547,0.020616968165428906,81400,81600,81000,81500,12845778,0.003694581280788256
2021-03-29,3036.04,3047.71,3054.21,3025.39,1290000000.0,-0.0016,954.1,956.88,961.73,952.22,2390000000.0,-0.0027,383499,384000,372000,372000,878014,-0.02872062663185382,99555,99655,97347,97849,349113,-0.015147855144231781,81700,81700,81000,81600,14952134,0.0012269938650306678
2021-03-30,3070.0,3038.44,3074.57,3038.44,1020000000.0,0.011200000000000002,958.06,954.54,959.88,954.54,2029999999.9999998,0.0042,373500,381000,373500,376500,623997,0.012096774193548487,98350,99754,98249,99053,311073,0.012304673527578247,81600,82300,81300,82200,13121698,0.007352941176470562
2021-03-31,3061.42,3073.39,3093.89,3061.4,1150000000.0,-0.0028000000000000004,956.17,958.38,961.02,954.17,1850000000.0,-0.002,379500,383000,377000,377000,568103,0.0013280212483399723,99153,101360,98550,99956,503036,0.009116331660828036,82400,82700,81400,81400,17240518,-0.009732360097323589
2021-04-01,3087.4,3073.77,3090.88,3069.68,922680000.0,0.0085,965.78,956.87,965.81,954.93,2009999999.9999998,0.0101,375499,379000,372000,378500,547402,0.003978779840848823,100357,101159,98751,100157,412423,0.0020108847893072213,82500,83000,82000,82900,18676461,0.01842751842751844
2021-04-02,3112.8,3104.72,3121.58,3101.6,792700000.0,0.008199999999999999,970.09,967.56,971.17,966.34,2330000000.0,0.0045000000000000005,381500,382500,378000,379500,476668,0.0026420079260238705,101964,101964,100157,100559,298641,0.004013698493365414,84000,85200,83900,84800,22997538,0.022919179734619988
2021-04-05,3120.83,3121.23,3127.2,3101.86,1080000000.0,0.0026,969.77,971.04,973.57,966.52,1930000000.0,-0.0003,379500,379999,374500,377000,421508,-0.006587615283267456,100959,101360,100357,100759,310400,0.00198888214878834,85800,86000,84800,85400,16255990,0.007075471698113178
2021-04-06,3127.08,3123.8,3139.29,3110.19,1280000000.0,0.002,968.63,971.11,974.14,964.62,2410000000.0,-0.0012,378500,391000,378000,388500,997518,0.0305039787798409,101561,109389,101361,109189,1724958,0.08366498278069456,86200,86200,85100,86000,19042023,0.007025761124121788
2021-04-07,3137.41,3129.07,3146.19,3125.33,1980000000.0,0.0033,973.22,969.3,974.11,968.35,2040000000.0,0.004699999999999999,390500,391000,381500,384500,578490,-0.01029601029601035,109188,109188,105576,108788,820896,-0.0036725311157717044,86100,86200,85400,85600,17885538,-0.0046511627906976605
2021-04-08,3143.26,3137.25,3145.81,3122.09,1360000000.0,0.0019,982.02,974.14,982.04,969.53,1910000000.0,0.009000000000000001,384500,387000,380000,381500,626575,-0.007802340702210642,108185,112600,107181,109992,912514,0.011067397139390422,85700,85700,84100,84700,19244259,-0.010514018691588745
2021-04-09,3131.88,3146.51,3156.04,3125.24,1820000000.0,-0.0036,989.39,983.4,991.17,983.4,1590000000.0,0.0075,382000,385000,381500,383500,469100,0.005242463958060384,111197,112602,110594,112000,788839,0.01825587315441113,84700,84900,83400,83600,18193707,-0.012987012987012991
2021-04-12,3135.59,3134.88,3147.27,3127.91,1050000000.0,0.0012,1000.65,992.31,1000.78,990.32,1910000000.0,0.011399999999999999,384500,393000,383000,385500,680329,0.0052151238591917615,0,0,0,112000,0,0.0,84100,84100,83100,83200,12915282,-0.004784688995215336
2021-04-13,3169.08,3138.21,3173.26,3136.99,1740000000.0,0.010700000000000001,1010.37,1001.0,1010.8,1001.0,3660000000.0,0.0097,384000,389000,381999,388500,586643,0.0077821011673151474,0,0,0,112000,0,0.0,83000,84500,82800,84000,15238206,0.009615384615384581
2021-04-14,3182.38,3169.95,3188.32,3162.12,1780000000.0,0.0042,1014.42,1011.35,1016.06,1009.34,3180000000.0,0.004,391500,398000,390000,391500,757969,0.007722007722007707,0,0,0,112000,0,0.0,84000,84300,83400,84000,13794652,0.0
2021-04-15,3194.33,3180.73,3204.48,3178.99,1310000000.0,0.0038,1013.9,1014.34,1014.72,1008.8,2620000000.0,-0.0005,391500,398500,386500,391000,889538,-0.0012771392081737387,120500,132500,118000,120500,17115015,0.0758928571428572,83700,84500,83400,84100,16377412,0.0011904761904761862
2021-04-16,3198.62,3194.08,3206.76,3185.67,985280000.0,0.0013,1021.62,1015.71,1022.36,1014.4,2069999999.9999998,0.0076,394500,395000,391000,391500,423962,0.0012787723785165905,115500,120500,115500,119000,13709555,-0.012448132780082943,84700,84700,83600,83900,15429522,-0.0023781212841854638
2021-04-19,3198.84,3201.11,3214.45,3193.4,1060000000.0,0.0001,1029.46,1022.06,1032.64,1020.58,2009999999.9999998,0.0077,391500,393500,388500,390000,449064,-0.003831417624521105,119999,122000,117500,119000,5441693,0.0,83800,84000,83300,83300,15287311,-0.007151370679380209
2021-04-20,3220.7,3198.31,3220.82,3195.96,1300000000.0,0.0068000000000000005,1031.88,1029.18,1031.9,1025.48,1770000000.0,0.0024,389000,391500,387500,391000,417892,0.002564102564102555,119000,120999,118000,119500,2952174,0.004201680672268893,83300,84000,83100,83900,15521965,0.007202881152460927
2021-04-21,3171.66,3214.24,3214.24,3165.49,1770000000.0,-0.0152,1022.22,1031.26,1031.26,1019.59,2890000000.0,-0.009399999999999999,389000,389000,380500,380500,835828,-0.026854219948849067,119500,119500,117000,118000,4461636,-0.012552301255230103,83300,83500,82500,82600,21636079,-0.015494636471990453
2021-04-22,3177.52,3174.52,3196.97,3174.52,1750000000.0,0.0018,1025.71,1023.65,1029.8,1023.43,4090000000.0,0.0034000000000000002,382000,384500,380000,380500,394350,0.0,118000,119500,117500,117500,2279180,-0.004237288135593209,82900,83000,82400,82400,13934746,-0.002421307506053294
2021-04-23,3186.1,3173.47,3188.7,3146.54,2250000000.0,0.0027,1026.82,1024.29,1029.79,1018.87,4099999999.9999995,0.0011,377500,379500,374000,378000,505140,-0.006570302233902758,116500,118500,114500,117500,2473720,0.0,81900,82900,81600,82800,17805080,0.004854368932038833
2021-04-26,3217.53,3191.34,3217.53,3191.34,1300000000.0,0.009899999999999999,1030.06,1027.4,1030.6,1025.73,2930000000.0,0.0032,376500,379000,374500,377500,484369,-0.001322751322751281,118000,118000,117500,118000,1729458,0.004255319148936065,82900,83500,82600,83500,15489938,0.008454106280193274
2021-04-27,3215.42,3218.3,3223.05,3203.25,1530000000.0,-0.0007000000000000001,1021.01,1030.29,1031.95,1019.81,3410000000.0,-0.0088,378000,381500,376000,380000,392509,0.0066225165562914245,118500,124500,118500,121500,5332544,0.029661016949152463,83200,83300,82500,82900,12941533,-0.007185628742514938
2021-04-28,3181.47,3217.21,3219.69,3176.55,1410000000.0,-0.0106,998.27,1021.13,1021.13,995.96,3240000000.0,-0.0223,381500,382000,373000,373500,485971,-0.017105263157894735,121500,122000,119000,119500,2276272,-0.016460905349794275,83200,83200,82100,82100,15596759,-0.00965018094089265
2021-04-29,3174.07,3184.75,3200.41,3161.06,1220000000.0,-0.0023,990.69,999.01,1004.57,983.73,1930000000.0,-0.0076,373500,377500,366000,366500,743106,-0.018741633199464536,120000,120500,115500,117000,3445462,-0.02092050209205021,82400,82500,81500,81700,20000973,-0.00487210718635811
2021-04-30,3147.86,3176.43,3179.43,3143.38,1360000000.0,-0.0083,983.45,991.08,995.74,975.66,1470000000.0,-0.0073,366000,366000,353500,359500,1028215,-0.019099590723055893,117000,117000,113000,113500,4405688,-0.02991452991452992,81900,82100,81500,81500,18673197,-0.002447980416156681
2021-05-03,3127.2,3149.05,3174.26,3120.7,1040000000.0,-0.0066,961.81,982.97,986.2,961.3,1460000000.0,-0.022000000000000002,366000,370500,360500,363000,507361,0.009735744089012455,112500,116000,110000,114500,2832622,0.008810572687224738,81000,82400,81000,81700,15710336,0.0024539877300613355
2021-05-04,3147.37,3131.39,3147.38,3109.78,1280000000.0,0.0064,967.2,961.32,967.68,944.15,1550000000.0,0.005600000000000001,366000,367000,360500,364500,398383,0.004132231404958775,113500,116000,112000,115500,2228466,0.008733624454148492,81900,82600,81800,82600,12532550,0.01101591187270512
2021-05-06,3178.74,3147.72,3178.74,3133.64,1240000000.0,0.01,969.99,966.62,971.65,961.16,1140000000.0,0.0029,360500,364500,359500,361500,632873,-0.008230452674897082,115000,117500,113500,115000,3234424,-0.0043290043290042934,81700,82300,81700,82300,17047511,-0.003631961259079941
2021-05-07,3197.2,3179.63,3205.11,3179.63,989680000.0,0.0058,978.3,970.96,981.04,970.96,1270000000.0,0.0086,360500,364000,360000,361000,446152,-0.0013831258644536604,115500,117000,114000,114500,2040844,-0.004347826086956497,81800,82100,81500,81900,14154882,-0.004860267314702349
2021-05-10,3249.3,3201.46,3255.9,3201.46,1010000000.0,0.0163,992.8,979.38,993.06,979.38,1320000000.0,0.0148,362500,364000,360000,362000,572111,0.0027700831024930483,115500,116500,114500,116000,1898994,0.013100436681222627,82300,83500,81800,83200,19385027,0.015873015873015817
2021-05-11,3209.43,3239.92,3239.92,3192.25,1100000000.0,-0.0123,978.61,991.41,991.41,974.1,1410000000.0,-0.0143,356500,358000,347500,349000,2373361,-0.035911602209944715,115000,117000,114500,114500,1875600,-0.012931034482758674,82500,82600,81100,81200,28996680,-0.024038461538461564
2021-05-12,3161.66,3209.36,3212.83,3138.04,1420000000.0,-0.0149,967.1,978.27,979.99,958.57,1970000000.0,-0.0118,349500,350500,340500,343000,1120816,-0.017191977077363862,115000,115500,112000,113000,2558482,-0.013100436681222738,80800,81200,79800,80000,35812268,-0.014778325123152691
2021-05-13,3122.11,3146.97,3161.93,3103.88,1100000000.0,-0.0125,951.77,963.31,965.27,948.04,1450000000.0,-0.0159,337500,341500,334500,337500,992326,-0.01603498542274051,109000,111000,108000,109500,4201490,-0.030973451327433676,78900,79600,78400,78500,31490096,-0.018750000000000044
2021-05-14,3153.32,3131.35,3162.31,3131.35,836400000.0,0.01,966.72,953.91,967.18,953.91,1560000000.0,0.015700000000000002,338000,344500,337500,342500,460390,0.014814814814814836,109500,111500,108000,109000,2276082,-0.004566210045662156,79000,80300,78900,80100,16450920,0.020382165605095537
2021-05-17,3134.52,3163.21,3173.01,3121.32,771310000.0,-0.006,962.5,968.02,973.35,958.64,1460000000.0,-0.0044,345500,349000,341000,344000,453316,0.004379562043795637,109000,111000,109000,110500,1656454,0.013761467889908285,80800,80900,79200,79600,17740855,-0.006242197253433224
2021-05-18,3173.05,3135.38,3176.4,3135.38,786140000.0,0.0123,969.1,962.83,969.79,959.98,1420000000.0,0.0069,347000,349500,345000,349500,445015,0.015988372093023173,111500,114500,111000,113000,1585701,0.02262443438914019,79600,80000,79100,79600,17494407,0.0
2021-05-20,3162.28,3174.53,3174.53,3140.48,774250000.0,-0.0034000000000000002,971.13,968.35,971.62,962.78,1530000000.0,0.0021,351500,355000,348500,351000,561151,0.0042918454935623185,112500,115500,112000,113500,2135101,0.004424778761061843,79400,79700,79100,79500,16541828,-0.0012562814070351536
2021-05-21,3156.42,3171.91,3198.01,3149.46,797260000.0,-0.0019,965.63,972.3,979.37,965.55,1530000000.0,-0.005699999999999999,355000,360000,353500,360000,618431,0.02564102564102555,116000,119000,114500,117000,3018548,0.03083700440528636,80100,81500,79800,80100,20961714,0.007547169811320753
2021-05-24,3144.3,3155.91,3163.27,3137.81,587970000.0,-0.0038,948.37,965.23,965.23,948.37,1540000000.0,-0.0179,356500,358500,353000,355500,361765,-0.012499999999999956,116500,118000,115500,116500,1715308,-0.004273504273504258,80100,80400,79500,79700,13398666,-0.004993757802746579
2021-05-25,3171.32,3152.93,3173.1,3148.3,612980000.0,0.0086,962.07,949.78,963.4,949.78,1680000000.0,0.0144,355500,358000,352500,358000,433413,0.007032348804500765,117000,118000,116000,118000,1777001,0.012875536480686733,80000,80400,79800,79900,13628942,0.0025094102885820924
2021-05-26,3168.43,3171.91,3183.97,3160.3,1270000000.0,-0.0009,966.06,962.69,967.49,962.69,1940000000.0,0.0040999999999999995,359500,366500,359500,363000,543316,0.013966480446927276,118500,120000,117500,119500,2308405,0.012711864406779627,80400,80500,79700,79800,11984359,-0.0012515644555695093
2021-05-27,3165.51,3170.84,3173.86,3142.37,1080000000.0,-0.0009,974.08,967.01,974.29,960.64,1850000000.0,0.0083,363000,363500,353500,358000,963669,-0.01377410468319562,120000,125000,119500,125000,7398732,0.046025104602510414,80000,80000,79100,79600,23198510,-0.0025062656641604564
2021-05-28,3188.73,3172.09,3198.66,3171.85,966370000.0,0.0073,977.46,974.55,979.59,973.76,1580000000.0,0.0034999999999999996,361500,361500,355500,358000,439112,0.0,125000,125500,120500,122000,3685820,-0.02400000000000002,79800,80400,79400,80100,12360199,0.00628140703517599
2021-05-31,3203.92,3192.06,3204.29,3179.87,1120000000.0,0.0048,981.78,979.0,983.41,979.0,1640000000.0,0.0044,359500,364000,357000,362500,397118,0.012569832402234526,122000,123000,120500,123000,2299358,0.008196721311475308,80300,80600,79600,80500,13321324,0.004993757802746579
2021-06-01,3221.87,3207.12,3233.17,3199.18,1470000000.0,0.005600000000000001,984.59,982.25,984.61,979.13,1780000000.0,0.0029,362500,368500,362500,367000,404110,0.012413793103448256,123500,127000,123000,127000,3573808,0.03252032520325199,80500,81300,80100,80600,14058401,0.001242236024844745
2021-06-02,3224.23,3224.4,3241.07,3216.1,1500000000.0,0.0007000000000000001,981.1,985.5,986.0,977.74,1610000000.0,-0.0034999999999999996,367000,369000,362000,363000,397044,-0.010899182561307952,128000,129500,126000,127000,2597446,0.0,80400,81400,80300,80800,16414644,0.002481389578163684
2021-06-03,3247.43,3224.96,3258.5,3224.96,1580000000.0,0.0072,990.19,981.52,992.01,981.52,1700000000.0,0.009300000000000001,362500,365000,361000,362000,292257,-0.0027548209366391463,127500,128500,126000,126500,1737466,-0.003937007874015741,81300,83000,81100,82800,29546007,0.024752475247524774
2021-06-04,3240.08,3246.17,3246.19,3218.67,1390000000.0,-0.0023,987.58,990.16,990.16,983.02,2150000000.0,-0.0026,360500,360500,355000,357000,433146,-0.013812154696132617,126000,126000,123000,124000,2668254,-0.01976284584980237,82700,82700,81500,82200,18112259,-0.007246376811594235
2021-06-07,3252.12,3244.59,3264.41,3233.4,1730000000.0,0.0037,985.86,989.16,993.06,982.14,1950000000.0,-0.0017000000000000001,358500,364000,357000,362500,393697,0.01540616246498594,125000,127000,125000,126000,1905198,0.016129032258064502,82700,82800,81600,81900,16496197,-0.0036496350364964014
2021-06-08,3247.83,3251.83,3264.67,3242.56,1950000000.0,-0.0013,986.12,986.43,988.35,982.75,1870000000.0,0.0003,361500,365500,361500,362500,370929,0.0,127000,128500,126500,128500,2248373,0.01984126984126977,82300,82600,81800,81900,12781226,0.0
2021-06-09,3216.18,3245.08,3246.49,3216.18,1960000000.0,-0.0097,978.79,986.59,989.15,978.79,1690000000.0,-0.0074,360500,363500,358500,358500,361808,-0.011034482758620734,128500,130000,128500,129000,1936747,0.0038910505836575737,81500,82000,81100,81100,14908823,-0.009768009768009733
2021-06-10,3224.64,3216.94,3235.39,3210.31,1900000000.0,0.0026,987.77,979.52,993.08,979.47,1820000000.0,0.0092,365000,377000,361500,373500,1502316,0.04184100418410042,130000,135000,129500,133500,5564011,0.03488372093023262,81300,81400,80900,81000,17586995,-0.0012330456226880004
2021-06-11,3249.32,3226.98,3251.58,3226.98,1650000000.0,0.0077,991.13,989.39,993.9,989.15,1550000000.0,0.0034000000000000002,378000,378500,367500,372500,658403,-0.0026773761713521083,134500,136500,132000,135500,3674400,0.014981273408239737,81200,81700,80700,81000,14087962,0.0
2021-06-14,3252.13,3249.6,3254.49,3238.51,1660000000.0,0.0009,997.41,992.8,998.85,991.93,1410000000.0,0.0063,377500,388000,375500,387000,1208589,0.03892617449664426,136000,143000,136000,142500,6240394,0.05166051660516602,80800,80900,80500,80500,10550078,-0.006172839506172867
2021-06-15,3258.63,3253.17,3262.8,3247.9,1730000000.0,0.002,997.37,998.05,999.53,993.64,1640000000.0,-0.0,387000,389000,381500,387000,625594,0.0,143500,144500,140500,144500,4950329,0.01403508771929829,80900,81200,80600,80900,10075685,0.00496894409937898
2021-06-16,3278.68,3259.06,3281.96,3256.68,2350000000.0,0.0062,998.49,997.68,1000.43,995.35,1440000000.0,0.0011,384500,395000,383000,391000,836281,0.010335917312661591,144000,146000,142500,143000,4996272,-0.01038062283737029,81500,81900,81100,81800,14999855,0.011124845488257096
2021-06-17,3264.96,3276.2,3276.2,3251.32,1850000000.0,-0.0042,1003.72,998.27,1004.7,994.76,1880000000.0,0.0052,389500,394500,385000,389500,670522,-0.0038363171355498826,142000,149500,140500,148000,5408889,0.034965034965035,81100,81300,80700,80900,14007385,-0.011002444987775029
2021-06-18,3267.93,3265.68,3275.76,3262.58,1630000000.0,0.0009,1015.88,1004.57,1016.33,1004.57,1850000000.0,0.0121,391500,400500,391000,398000,1268656,0.021822849807445532,150000,157500,149500,155000,7706345,0.04729729729729737,81100,81100,80500,80500,14916721,-0.0049443757725586845
2021-06-21,3240.79,3264.18,3264.18,3225.56,1510000000.0,-0.0083,1010.99,1014.59,1014.59,1006.83,1510000000.0,-0.0048,398000,402000,392000,397000,809114,-0.002512562814070307,155500,159500,152000,155000,8324948,0.0,79700,80000,79600,79900,16063340,-0.007453416149068359
2021-06-22,3263.88,3245.79,3267.63,3245.79,1670000000.0,0.0070999999999999995,1011.56,1012.01,1016.7,1008.11,1610000000.0,0.0006,400000,400500,391000,391000,702840,-0.015113350125944613,158000,159000,155500,159000,4662042,0.02580645161290329,80200,80300,79900,80000,11773365,0.0012515644555695093
2021-06-23,3276.19,3265.73,3281.88,3263.07,1070000000.0000001,0.0038,1016.46,1012.78,1020.85,1012.78,1860000000.0,0.0048,393000,427000,392500,423500,2721355,0.0831202046035806,162500,170000,161000,169500,9078797,0.0660377358490567,80500,80600,79900,80100,13856548,0.0012499999999999734
2021-06-24,3286.1,3281.47,3292.27,3277.85,1300000000.0,0.003,1012.62,1017.11,1019.35,1010.18,1860000000.0,-0.0038,430000,436000,413000,419500,2143286,-0.009445100354191216,172000,173000,155500,157000,18408195,-0.07374631268436582,80400,81400,80100,81200,18771080,0.013732833957553092
2021-06-25,3302.84,3289.18,3316.08,3289.18,1200000000.0,0.0051,1012.13,1013.97,1018.98,1011.31,1340000000.0,-0.0005,420000,420000,405000,410000,1382051,-0.022646007151370662,155000,159500,150500,154500,12271446,-0.015923566878980888,81500,81900,81200,81600,13481405,0.0049261083743843415
2021-06-28,3301.89,3305.46,3311.69,3291.3,1430000000.0,-0.0003,1017.91,1013.47,1018.76,1013.47,1590000000.0,0.005699999999999999,406000,413000,403000,408000,623480,-0.004878048780487809,154500,157500,154000,155000,5141409,0.003236245954692629,81700,82000,81600,81900,11578529,0.003676470588235281
2021-06-29,3286.68,3305.26,3305.42,3276.63,1210000000.0,-0.0046,1022.52,1019.64,1026.83,1019.28,2060000000.0,0.0045000000000000005,409500,411500,406000,411500,572319,0.008578431372548989,156000,158000,154500,158000,3938542,0.019354838709677358,81900,82100,80800,81000,15744317,-0.01098901098901095
2021-06-30,3296.68,3288.63,3305.73,3288.63,1610000000.0,0.003,1029.96,1023.74,1030.94,1023.74,2089999999.9999998,0.0073,415000,425000,409000,417500,955297,0.014580801944106936,159000,165000,157500,163000,7305590,0.03164556962025311,81100,81400,80700,80700,13288643,-0.0037037037037036535
2021-07-01,3282.06,3297.92,3300.12,3278.1,1160000000.0,-0.0044,1035.64,1030.48,1036.47,1028.48,1690000000.0,0.0055000000000000005,418000,423500,410500,413000,592869,-0.010778443113772407,164000,165500,159500,160000,4630280,-0.018404907975460127,80500,80600,80000,80100,13382882,-0.0074349442379182396
2021-07-02,3281.78,3282.81,3295.68,3278.19,1020000000.0,-0.0001,1038.18,1036.28,1038.54,1033.94,1690000000.0,0.0025,412500,418500,407000,414000,517934,0.002421307506053294,158500,161500,156000,159500,4407703,-0.0031250000000000444,80000,80400,79900,80000,8753097,-0.0012484394506866447
2021-07-05,3293.21,3285.29,3298.93,3285.29,850410000.0,0.0034999999999999996,1047.33,1039.79,1048.16,1039.79,1740000000.0,0.0088,415500,418000,408500,410000,492899,-0.009661835748792313,160500,162000,156500,157000,4506967,-0.01567398119122254,80100,80800,80000,80400,8330969,0.004999999999999893
2021-07-06,3305.21,3295.44,3313.51,3295.44,1030000000.0,0.0036,1044.96,1047.6,1049.24,1043.51,1960000000.0,-0.0023,411500,412500,408000,409500,342771,-0.0012195121951219523,157500,159000,157000,157500,2045164,0.0031847133757962887,80600,81200,80500,81200,12131651,0.00995024875621886
2021-07-07,3285.34,3303.59,3303.59,3277.66,1150000000.0,-0.006,1047.36,1045.0,1050.31,1042.42,1690000000.0,0.0023,411000,419000,410500,417500,663260,0.019536019536019467,158500,163500,158500,161000,4413394,0.022222222222222143,81200,81300,80300,80800,15992202,-0.0049261083743842304
2021-07-08,3252.68,3287.68,3295.71,3252.41,1520000000.0,-0.009899999999999999,1034.48,1047.96,1049.95,1028.14,1870000000.0,-0.0123,419000,431500,418500,422000,1142267,0.010778443113772518,161500,164500,161000,163000,4121257,0.012422360248447228,81100,81200,79900,79900,16660998,-0.011138613861386149
2021-07-09,3217.95,3245.52,3245.52,3188.8,1310000000.0,-0.010700000000000001,1028.93,1031.78,1031.78,1013.91,2190000000.0,-0.0054,420000,424000,408000,415500,1090218,-0.0154028436018957,161500,162000,158500,160500,3795528,-0.015337423312883458,79600,79800,79000,79400,22720577,-0.006257822277847325
2021-07-12,3246.47,3227.51,3251.45,3227.51,1140000000.0,0.0089,1034.64,1030.36,1037.01,1030.36,1720000000.0,0.0055000000000000005,418500,421500,413000,418500,475697,0.0072202166064982976,161000,162500,158000,162000,3248064,0.009345794392523255,79900,80000,79500,79700,9768108,0.0037783375314861534
2021-07-13,3271.38,3253.24,3273.9,3253.24,1150000000.0,0.0077,1043.31,1035.68,1044.64,1035.68,1710000000.0,0.0084,421000,442000,419000,441000,1498546,0.053763440860215006,162500,163500,160500,161000,3859736,-0.006172839506172867,80000,80200,79800,79800,9863450,0.0012547051442910462
2021-07-14,3264.81,3270.09,3270.09,3250.45,908950000.0,-0.002,1044.98,1043.5,1045.45,1038.68,1710000000.0,0.0016,436000,444500,436000,444000,931990,0.006802721088435382,161500,164500,161000,162000,3352019,0.006211180124223503,79400,79600,79100,79500,11575636,-0.003759398496240629
2021-07-15,3286.22,3269.33,3286.58,3263.09,1170000000.0,0.0066,1054.31,1046.57,1055.82,1046.57,2060000000.0,0.0089,446500,452500,439500,449000,950460,0.011261261261261257,162000,162000,158500,159500,3821843,-0.015432098765432056,79800,80600,79500,80600,13766279,0.01383647798742138
2021-07-16,3276.91,3282.89,3282.89,3259.32,1070000000.0000001,-0.0028000000000000004,1051.98,1053.85,1053.95,1044.7,1730000000.0,-0.0022,448000,461000,443000,447000,1246425,-0.0044543429844098315,158500,159500,157000,157000,3423188,-0.01567398119122254,80100,80100,79500,79800,10859399,-0.00992555831265507
2021-07-19,3244.04,3258.87,3258.87,3236.39,1100000000.0,-0.01,1049.83,1049.51,1051.45,1046.9,1400000000.0,-0.002,443000,449500,438500,443000,704307,-0.008948545861297563,155500,155500,154000,154000,3475792,-0.019108280254777066,79100,79200,78800,79000,13155414,-0.010025062656641603
2021-07-20,3232.7,3223.24,3234.8,3214.42,979670000.0,-0.0034999999999999996,1043.64,1040.99,1049.2,1036.14,1650000000.0,-0.0059,438500,441500,431000,439000,789090,-0.009029345372460473,151500,153000,149000,152000,6652856,-0.012987012987012991,78500,79000,78400,79000,12456646,0.0
2021-07-21,3215.91,3251.13,3252.25,3215.91,990330000.0,-0.0052,1042.03,1051.73,1051.95,1041.44,1320000000.0,-0.0015,443000,446000,428000,428000,885519,-0.02505694760820043,153000,155500,144500,145000,10409836,-0.046052631578947345,79000,79100,78500,78500,12355296,-0.006329113924050667
2021-07-22,3250.21,3235.17,3253.75,3235.17,712980000.0,0.010700000000000001,1050.25,1046.51,1051.94,1046.51,1620000000.0,0.0079,433000,445000,429000,440000,1035882,0.028037383177569986,144500,148000,142500,147500,5759268,0.01724137931034475,79000,79800,78900,79700,12618790,0.015286624203821653
2021-07-23,3254.42,3253.44,3264.01,3246.09,805050000.0,0.0013,1055.5,1053.01,1059.18,1053.01,1390000000.0,0.005,443500,454500,441000,452000,1094026,0.027272727272727337,148500,153500,147500,149500,5249906,0.013559322033898313,79700,79900,79200,79300,9098910,-0.005018820577164407
2021-07-26,3224.95,3265.99,3265.99,3224.95,826070000.0,-0.0091,1047.63,1059.91,1060.21,1045.27,1270000000.0,-0.0075,460000,465000,447500,452000,855277,0.0,151500,153000,146500,147500,4071898,-0.013377926421404673,79400,79500,78800,78800,10040975,-0.006305170239596425
2021-07-27,3232.53,3244.43,3252.85,3230.75,991940000.0,0.0024,1046.55,1050.87,1053.46,1045.66,1550000000.0,-0.001,457500,463000,452000,452000,757638,0.0,147500,149000,145500,148000,3357695,0.003389830508474523,79200,79400,78500,78500,11427693,-0.0038071065989847552
2021-07-28,3236.86,3226.06,3243.21,3210.9,868600000.0,0.0013,1035.68,1043.19,1048.78,1030.04,1420000000.0,-0.0104,446000,447000,440000,442000,913055,-0.02212389380530977,147000,149500,146500,148000,2716816,0.0,78300,79200,78100,79200,12743417,0.008917197452229297
2021-07-29,3242.65,3248.49,3252.26,3232.5,694820000.0,0.0018,1044.13,1040.45,1044.79,1039.26,1210000000.0,0.008199999999999999,444000,445000,438500,439500,556532,-0.005656108597285048,148500,149000,147500,148500,1766172,0.0033783783783782884,78800,79400,78800,79000,14360453,-0.002525252525252486
2021-07-30,3202.32,3234.37,3234.66,3202.32,687860000.0,-0.0124,1031.14,1044.28,1044.36,1029.19,1340000000.0,-0.0124,438000,440500,433000,433500,628812,-0.013651877133105783,149000,149500,147000,147000,2057332,-0.010101010101010055,78900,78900,78500,78500,13823411,-0.006329113924050667
2021-08-02,3223.04,3218.42,3223.04,3194.0,561000000.0,0.006500000000000001,1037.8,1033.17,1038.49,1029.26,1200000000.0,0.006500000000000001,429000,437000,428500,433500,551937,0.0,147000,148500,145000,146000,2172117,-0.006802721088435382,79200,79500,78700,79300,11739124,0.010191082802547768
2021-08-03,3237.14,3221.57,3237.14,3213.2,653510000.0,0.0044,1036.11,1038.91,1041.76,1029.05,1500000000.0,-0.0016,439000,439000,422000,428000,830841,-0.012687427912341454,146000,146500,143000,144000,2697098,-0.013698630136986356,79400,81400,79300,81400,24339360,0.02648171500630525
2021-08-04,3280.38,3246.65,3283.14,3237.55,632240000.0,0.0134,1047.93,1038.96,1047.93,1035.98,1490000000.0,0.011399999999999999,425000,434500,423000,433000,545873,0.011682242990654235,144500,150000,144000,149500,3136752,0.03819444444444442,82200,83100,81800,82900,25642368,0.01842751842751844
2021-08-05,3276.13,3283.25,3296.17,3273.33,680940000.0,-0.0013,1059.54,1050.45,1060.14,1050.32,1370000000.0,0.0111,442000,451500,438500,442500,744924,0.021939953810623525,150000,151500,148500,149000,2254087,-0.0033444816053511683,83300,83300,82000,82100,18485469,-0.00965018094089265
2021-08-06,3270.36,3277.06,3288.17,3261.93,941360000.0,-0.0018,1059.8,1061.32,1062.03,1055.64,1350000000.0,0.0002,443000,447500,440500,444500,416829,0.004519774011299438,149500,149500,145000,145500,4155669,-0.023489932885906062,81900,82500,81300,81500,13342623,-0.0073081607795371095
2021-08-09,3260.42,3258.1,3275.15,3251.74,707650000.0,-0.003,1060.0,1059.29,1061.78,1054.58,1350000000.0,0.0002,438000,449000,435000,447500,528032,0.006749156355455588,145500,149000,144000,148000,3017396,0.01718213058419238,81500,82300,80900,81500,15522581,0.0
2021-08-10,3243.19,3272.44,3272.44,3232.46,730350000.0,-0.0053,1052.07,1060.9,1060.9,1048.98,1690000000.0,-0.0075,446000,453500,442500,446500,461940,-0.0022346368715083775,148000,148500,144500,146500,2074409,-0.010135135135135087,82300,82400,80100,80200,20362639,-0.015950920245398792
2021-08-11,3220.62,3235.36,3250.21,3217.65,618090000.0,-0.006999999999999999,1051.92,1050.48,1057.03,1048.7,1310000000.0,-0.0001,445000,449000,442000,445000,446275,-0.0033594624860022737,145500,147500,144000,144000,1754472,-0.017064846416382284,79600,79800,78500,78500,30241137,-0.021197007481296715
2021-08-12,3208.38,3213.58,3229.59,3202.11,643280000.0,-0.0038,1054.09,1054.16,1058.41,1052.21,1090000000.0,0.0021,448000,448500,438000,440500,671083,-0.010112359550561778,146000,148000,144000,147500,2950088,0.02430555555555558,77100,78200,76900,77000,42365223,-0.019108280254777066
2021-08-13,3171.29,3205.75,3209.72,3146.76,696470000.0,-0.0116,1040.78,1054.28,1054.46,1024.48,1370000000.0,-0.0126,445000,446000,433000,436500,515855,-0.009080590238365494,147500,147500,144500,146000,2285992,-0.01016949152542368,75800,76000,74100,74400,61270643,-0.03376623376623378
2021-08-17,3143.09,3169.74,3179.49,3134.48,690840000.0,-0.0089,1011.05,1039.66,1039.66,1009.21,1180000000.0,-0.0286,435500,437500,420000,428500,763564,-0.018327605956471982,146000,147500,141000,142000,3322347,-0.0273972602739726,74000,75100,74000,74200,30944847,-0.0026881720430107503
2021-08-18,3158.93,3141.98,3175.88,3124.56,622790000.0,0.005,1021.08,1006.8,1022.09,999.26,1100000000.0,0.009899999999999999,429500,433500,421500,429000,496576,0.001166861143523823,142000,146500,141500,145500,2720552,0.02464788732394374,73900,74600,73100,73900,29192631,-0.0040431266846361336
2021-08-19,3097.83,3140.01,3158.0,3097.83,655630000.0,-0.019299999999999998,991.15,1013.93,1022.77,991.13,1400000000.0,-0.029300000000000003,431000,434000,424500,424500,504352,-0.010489510489510523,144000,149000,144000,146500,2813914,0.0068728522336769515,73500,74400,73100,73100,22166298,-0.010825439783491153
2021-08-20,3060.51,3111.1,3122.09,3049.03,672090000.0,-0.012,967.9,997.02,1000.67,964.02,1270000000.0,-0.0235,425000,432000,421000,422500,587940,-0.004711425206124886,146500,149000,143000,144000,2776813,-0.017064846416382284,73500,73900,72500,72700,22364803,-0.005471956224350261
2021-08-23,3090.21,3086.81,3111.81,3064.65,570980000.0,0.0097,993.18,977.87,996.23,969.48,993510000.0,0.026099999999999998,428000,436000,423500,429500,515679,0.016568047337278013,146000,148500,144500,148500,2678395,0.03125,73300,74000,73000,73300,19384648,0.008253094910591452
2021-08-24,3138.3,3119.7,3142.58,3115.23,586530000.0,0.015600000000000001,1013.18,1002.19,1015.09,1000.72,1330000000.0,0.020099999999999996,435000,439000,431500,437500,546884,0.0186263096623982,150000,150500,148000,149000,2032632,0.0033670033670034627,73900,75700,73900,75600,21016913,0.03137789904502042
2021-08-25,3146.81,3148.13,3161.0,3124.25,624690000.0,0.0027,1017.78,1017.96,1017.96,1006.98,1230000000.0,0.0045000000000000005,434000,439000,427000,430500,677224,-0.016000000000000014,149000,153500,148500,151000,2900928,0.01342281879194629,76200,76600,74900,75700,22319664,0.001322751322751392
2021-08-26,3128.53,3151.3,3159.37,3121.04,727720000.0,-0.0058,1020.44,1020.85,1026.26,1015.91,1080000000.0,0.0026,427500,430500,420000,423500,645901,-0.016260162601625994,151500,152500,147500,149500,2360164,-0.009933774834437137,76100,76200,74600,74600,16671494,-0.014531043593130732
2021-08-27,3133.9,3116.29,3143.01,3106.97,520669999.99999994,0.0017000000000000001,1023.51,1017.36,1027.26,1014.1,1300000000.0,0.003,422000,423500,416500,420000,567004,-0.008264462809917328,149000,150000,147000,150000,1430634,0.0033444816053511683,74300,75000,73800,74300,15172748,-0.004021447721179627
2021-08-30,3144.19,3160.87,3164.87,3132.77,602860000.0,0.0033,1031.84,1030.65,1035.77,1027.84,1180000000.0,0.008100000000000001,425500,429000,423000,428000,399336,0.01904761904761898,152000,153000,150500,151500,1628144,0.010000000000000009,75400,75500,74200,74600,12686999,0.004037685060565233
2021-08-31,3199.27,3144.49,3199.89,3130.3,661220000.0,0.0175,1038.33,1032.77,1038.33,1026.36,1240000000.0,0.0063,430000,439500,427000,439000,768823,0.025700934579439227,152500,155000,151000,155000,3078357,0.02310231023102305,74900,76700,74300,76700,24630370,0.02815013404825728
2021-09-01,3207.02,3195.67,3215.13,3185.8,746710000.0,0.0024,1045.98,1038.09,1046.0,1035.09,1150000000.0,0.0074,442000,448500,436500,445000,655075,0.013667425968109326,155000,156000,154000,154000,2011434,-0.006451612903225823,76700,77100,75900,76800,16114775,0.0013037809647979959
2021-09-02,3175.85,3198.03,3204.01,3171.78,757860000.0,-0.0097,1047.19,1048.15,1048.2,1042.36,1290000000.0,0.0012,445500,448500,439500,442500,431529,-0.005617977528089901,154500,156000,153500,155000,1649156,0.006493506493506551,76800,76800,75700,76000,15347486,-0.01041666666666663
2021-09-03,3201.06,3189.71,3203.08,3181.64,641510000.0,0.0079,1053.85,1049.81,1054.53,1047.12,1440000000.0,0.0064,442500,452500,441000,452500,646199,0.02259887005649719,155500,157500,154500,156500,1934669,0.00967741935483879,76400,76700,76000,76600,12096419,0.007894736842105177
2021-09-06,3203.33,3196.3,3206.25,3186.79,726190000.0,0.0007000000000000001,1052.96,1056.3,1056.3,1049.27,1330000000.0,-0.0008,452500,454500,445500,454000,368743,0.0033149171270718814,156000,156500,152500,155500,1883428,-0.006389776357827448,76800,77600,76600,77300,12861180,0.009138381201044377
2021-09-07,3187.42,3200.07,3201.76,3176.81,760160000.0,-0.005,1054.43,1054.03,1054.76,1049.8,1570000000.0,0.0014000000000000002,450500,453000,444000,444500,356293,-0.020925110132158586,155500,156000,153500,154000,1072249,-0.009646302250803873,77100,77100,75900,76100,13239401,-0.015523932729624823
2021-09-08,3162.99,3178.74,3187.55,3157.07,859890000.0,-0.0077,1037.22,1053.46,1053.46,1037.22,1480000000.0,-0.0163,437500,439000,408000,409500,2470864,-0.07874015748031493,151500,151500,136500,138500,16920382,-0.10064935064935066,76000,76400,75600,76300,11798147,0.0026281208935610145
2021-09-09,3114.7,3146.64,3158.6,3111.49,927370000.0,-0.015300000000000001,1034.62,1033.97,1042.04,1027.64,1410000000.0,-0.0025,400500,406000,396000,399000,1972500,-0.02564102564102566,134000,134500,128000,128500,14534253,-0.07220216606498198,76400,76600,75000,75300,17600770,-0.013106159895150737
2021-09-10,3125.76,3121.09,3131.54,3103.38,723080000.0,0.0036,1037.91,1035.86,1039.73,1026.97,1380000000.0,0.0032,398000,416500,398000,410000,1326870,0.027568922305764465,127000,133500,126000,130000,9918050,0.011673151750972721,75300,75600,74800,75300,10103212,0.0
2021-09-13,3127.86,3117.35,3139.13,3109.01,732270000.0,0.0007000000000000001,1026.34,1036.86,1037.5,1023.98,1260000000.0,-0.0111,405000,414000,402500,408000,771749,-0.004878048780487809,126500,130000,122500,124500,8675498,-0.04230769230769227,75200,76300,75100,76300,11397775,0.013280212483399723
2021-09-14,3148.83,3137.32,3164.31,3137.32,713230000.0,0.0067,1037.74,1029.57,1038.94,1028.4,1160000000.0,0.0111,403500,406500,393500,402500,1636660,-0.013480392156862697,122500,126000,118000,124000,18895148,-0.004016064257028162,77100,77700,76600,76600,18167057,0.003931847968545288
2021-09-15,3153.4,3147.21,3164.01,3138.8,616560000.0,0.0015,1042.79,1039.57,1044.26,1038.8,1440000000.0,0.0049,403000,409500,400000,400500,730616,-0.004968944099378869,123500,127500,122000,122500,9078817,-0.012096774193548376,77400,77400,76400,77000,12829128,0.005221932114882533
2021-09-16,3130.09,3165.38,3167.68,3126.65,612870000.0,-0.0074,1039.43,1047.85,1048.37,1037.72,1130000000.0,-0.0032,405000,410000,401000,402000,614987,0.0037453183520599342,123000,125000,121000,121500,4770936,-0.008163265306122436,77300,77400,76100,76100,13067622,-0.011688311688311637
2021-09-17,3140.51,3127.75,3142.13,3112.51,589240000.0,0.0033,1046.12,1040.73,1046.13,1033.69,1160000000.0,0.0064,404500,405000,397500,403000,558566,0.0024875621890547706,121500,121500,118000,119500,4807631,-0.016460905349794275,76300,77200,75900,77200,16289502,0.014454664914586024
2021-09-23,3127.58,3123.64,3131.63,3107.98,623840000.0,-0.0040999999999999995,1036.26,1040.38,1043.58,1036.25,968170000.0,-0.009399999999999999,400500,401500,397500,400000,615295,-0.007444168734491274,116500,118000,114000,115000,6314773,-0.03765690376569042,77500,77600,76800,77400,17055590,0.002590673575129543
2021-09-24,3125.24,3140.73,3146.86,3119.4,753220000.0,-0.0007000000000000001,1037.03,1040.43,1045.21,1034.8,1310000000.0,0.0007000000000000001,398500,406000,398000,405500,574341,0.013749999999999929,116000,121000,116000,119500,5327603,0.03913043478260869,77600,77700,77100,77300,12247274,-0.0012919896640827266
2021-09-27,3133.64,3121.7,3146.35,3119.26,883230000.0,0.0027,1034.82,1037.21,1039.63,1031.93,1050000000.0,-0.0021,406000,407500,401000,403000,455667,-0.006165228113440224,120000,122500,119500,120000,3635942,0.004184100418409997,77300,77700,77000,77700,11699798,0.005174644243208348
2021-09-28,3097.92,3133.4,3134.46,3095.72,894910000.0,-0.011399999999999999,1012.51,1034.04,1034.07,1012.51,1400000000.0,-0.0216,399500,400000,391000,392500,857556,-0.02605459057071957,120500,121500,117500,117500,3445583,-0.02083333333333337,77700,77800,76200,76300,15406382,-0.018018018018018056
2021-09-29,3060.27,3055.5,3069.04,3030.6,821560000.0,-0.012199999999999999,1001.46,994.61,1004.85,989.07,1310000000.0,-0.0109,380500,390000,380000,387000,664216,-0.014012738853503182,115000,117500,114500,116500,3172350,-0.008510638297872353,74800,75300,73800,74100,23992458,-0.028833551769331556
2021-09-30,3068.82,3054.87,3079.43,3046.43,885820000.0,0.0028000000000000004,1003.27,1001.92,1010.03,999.58,1290000000.0,0.0018,383000,390000,381000,388000,611128,0.0025839793281654533,115000,120500,114500,118000,4649917,0.012875536480686733,74300,74800,73700,74100,19919361,0.0
2021-10-01,3019.18,3056.21,3062.6,3015.01,855480000.0,-0.016200000000000003,983.2,998.7,1002.68,982.26,1370000000.0,-0.02,388500,389500,381500,382000,402239,-0.015463917525773141,118000,120000,116000,116500,2329103,-0.012711864406779627,73900,74000,72900,73200,15803395,-0.012145748987854255
2021-10-05,2962.17,2998.17,2998.17,2940.59,840560000.0,-0.0189,955.37,974.24,974.24,950.09,1350000000.0,-0.028300000000000002,378500,380000,370000,370500,828794,-0.030104712041884807,114500,116000,110500,111000,4885065,-0.047210300429184504,73000,73000,71400,72200,24013921,-0.013661202185792365
2021-10-06,2908.31,2986.06,2993.47,2908.3,901720000.0,-0.0182,922.36,962.62,967.67,922.36,1650000000.0,-0.0346,373000,383500,371500,373000,826716,0.006747638326585648,112500,116000,112000,113000,4610915,0.018018018018018056,72600,72800,71200,71300,18956962,-0.012465373961218829
2021-10-07,2959.46,2936.87,2961.53,2927.6,595380000.0,0.0176,953.43,932.65,953.48,932.32,1350000000.0,0.0337,380500,394000,378000,393500,832068,0.05495978552278813,115000,119500,115000,119500,5146917,0.05752212389380529,71600,72100,71300,71600,13683532,0.004207573632538653
2021-10-08,2956.3,2977.82,2978.08,2949.01,668950000.0,-0.0011,953.11,959.81,961.72,948.02,1340000000.0,-0.0003,397500,397500,388000,388500,542514,-0.01270648030495558,121500,121500,117500,117500,3930836,-0.01673640167364021,72300,72400,71500,71500,14043287,-0.0013966480446927498
2021-10-12,2916.38,2950.22,2950.94,2901.51,660180000.0,-0.013500000000000002,940.15,951.12,951.12,936.95,1140000000.0,-0.013600000000000001,384500,387000,372000,372000,817135,-0.0424710424710425,117000,118500,113000,113500,3810466,-0.03404255319148941,70700,70900,68700,69000,31001484,-0.034965034965035
2021-10-13,2944.41,2913.34,2953.33,2909.47,752130000.0,0.0096,953.47,939.4,954.63,939.28,1050000000.0,0.014199999999999999,372500,383000,372000,382000,612239,0.026881720430107503,114000,118500,114000,117000,2731883,0.03083700440528636,68700,69600,68300,68800,24172015,-0.0028985507246376274
2021-10-14,2988.64,2968.87,2988.97,2962.33,617170000.0,0.015,983.43,960.58,983.63,960.52,1190000000.0,0.031400000000000004,387500,396000,385500,395000,689827,0.03403141361256545,118500,122000,118500,121500,3891958,0.03846153846153855,69000,69800,68800,69400,19520641,0.008720930232558155
2021-10-15,3015.06,3012.62,3021.9,2999.33,857800000.0,0.0088,990.54,990.24,992.16,981.83,1370000000.0,0.0072,400000,400000,392000,393500,444506,-0.0037974683544304,123000,123500,120000,122000,2331425,0.004115226337448652,70200,71000,70000,70100,18051612,0.01008645533141217
2021-10-18,3006.68,3017.48,3021.17,2990.44,926370000.0,-0.0028000000000000004,993.86,992.57,997.92,985.14,1190000000.0,0.0034000000000000002,395000,399500,389000,396500,448726,0.007623888182973326,123000,123000,120500,121500,1831322,-0.004098360655737654,70200,70300,69200,70200,13486391,0.0014265335235377208
2021-10-19,3029.04,3022.23,3034.53,3014.19,845700000.0,0.0074,1005.35,997.57,1005.35,997.1,1380000000.0,0.0116,400000,408000,398500,407500,560257,0.027742749054224358,123000,127500,121500,127500,4075027,0.04938271604938271,70800,71000,70400,70600,9507991,0.005698005698005604
2021-10-20,3013.13,3043.13,3047.24,3012.97,680330000.0,-0.0053,1001.62,1009.11,1011.55,1001.1,1550000000.0,-0.0037,411500,417000,407000,407500,591636,0.0,129500,130500,127000,128000,4959740,0.0039215686274509665,70700,71000,70200,70300,10151638,-0.004249291784702569
2021-10-21,3007.33,3012.28,3025.88,3002.74,887370000.0,-0.0019,993.7,1003.48,1004.61,992.04,1560000000.0,-0.0079,407500,412000,404000,410500,482389,0.007361963190184007,128500,130000,127500,128000,2297507,0.0,70300,70600,70000,70200,10891094,-0.0014224751066855834
2021-10-22,3006.16,3005.36,3018.7,2996.26,695270000.0,-0.0004,995.07,992.22,1000.15,989.43,1160000000.0,0.0014000000000000002,411500,411500,402500,407500,395564,-0.0073081607795371095,128000,129500,125500,127500,1985417,-0.00390625,70000,70700,70000,70400,8395448,0.002849002849002913
2021-10-25,3020.54,3001.1,3025.27,2983.29,791800000.0,0.0048,994.31,994.75,995.39,986.55,1060000000.0,-0.0008,408500,413000,401500,402500,461889,-0.012269938650306789,126500,127500,123500,126000,2309608,-0.0117647058823529,69900,70600,69500,70200,10029621,-0.0028409090909090606
2021-10-26,3049.08,3039.82,3051.65,3030.53,564560000.0,0.009399999999999999,1011.76,1000.32,1011.76,1000.29,1330000000.0,0.0175,402500,413500,402500,412500,471083,0.024844720496894457,126000,128000,126000,127500,1265299,0.011904761904761862,70600,71500,70400,71100,10528252,0.012820512820512775
2021-10-27,3025.49,3045.83,3049.02,3019.0,607880000.0,-0.0077,1008.95,1012.91,1013.17,1006.03,1270000000.0,-0.0028000000000000004,415000,419000,411500,414500,497113,0.00484848484848488,128000,129000,126500,128500,1449071,0.007843137254901933,71000,71000,70000,70100,10295316,-0.01406469760900142
2021-10-28,3009.55,3023.17,3034.42,3009.55,617260000.0,-0.0053,1000.13,1008.93,1011.5,999.59,1310000000.0,-0.0087,419000,419500,411500,413000,494766,-0.003618817852834688,129000,130000,125000,125500,1783396,-0.023346303501945553,69500,72200,69500,70700,20644902,0.008559201141226769
2021-10-29,2970.68,3025.67,3030.17,2965.4,545830000.0,-0.0129,992.33,1004.91,1005.19,991.03,1320000000.0,-0.0078000000000000005,413000,414500,405500,407000,472080,-0.014527845036319653,125500,126500,123000,125500,1891355,0.0,71200,71600,69700,69800,17016151,-0.012729844413012725
2021-11-01,2978.94,2984.18,2991.81,2976.87,475380000.0,0.0028000000000000004,998.57,995.56,1001.25,994.28,1170000000.0,0.0063,407000,411500,404000,408500,337049,0.0036855036855036882,126000,127000,125000,125500,1081519,0.0,70200,70600,69900,69900,11503729,0.0014326647564470996
2021-11-02,3013.49,2995.58,3034.3,2995.58,525850000.0,0.0116,1009.44,1000.96,1012.2,1000.96,1400000000.0,0.0109,409500,414500,409000,410000,352579,0.003671970624234966,126000,128500,126000,128000,1642378,0.019920318725099584,70800,72200,70700,71500,16812570,0.022889842632331847
2021-11-03,2975.71,3020.36,3020.87,2969.01,658650000.0,-0.0125,1005.0,1011.2,1013.68,1003.66,1100000000.0,-0.0044,410000,411000,400000,402500,366530,-0.018292682926829285,128000,128500,123500,124500,2937805,-0.02734375,71700,71700,70100,70400,12770428,-0.01538461538461533
2021-11-04,2983.22,3000.92,3011.56,2978.07,772020000.0,0.0025,1001.43,1012.62,1015.72,995.73,1230000000.0,-0.0036,409500,415500,406500,411500,537599,0.022360248447204967,126000,130500,125500,130000,6001098,0.04417670682730934,71200,71600,70500,70600,11818987,0.0028409090909091717
2021-11-05,2969.27,3003.53,3003.53,2953.96,688030000.0,-0.004699999999999999,1001.35,1006.04,1006.04,995.35,1250000000.0,-0.0001,411500,415000,405000,410500,309468,-0.002430133657351119,131000,131000,126500,128500,2810726,-0.011538461538461497,71600,71600,70200,70200,12667743,-0.005665722379603388
2021-11-08,2960.2,2965.36,2968.18,2930.9,560200000.0,-0.0031,1002.5,999.08,1003.18,988.36,1250000000.0,0.0011,414500,415500,405500,408000,365376,-0.006090133982947665,128500,128500,123000,125000,4026899,-0.027237354085603127,70400,70600,69800,70600,11121981,0.005698005698005604
2021-11-09,2962.46,2958.15,2987.28,2949.17,708770000.0,0.0008,1008.68,1002.51,1010.79,1002.51,1250000000.0,0.0062,409500,419000,408500,417500,542759,0.023284313725490113,124500,127000,124500,125500,1990889,0.0040000000000000036,70300,71000,70100,70500,11159589,-0.0014164305949008194
2021-11-10,2930.17,2947.46,2958.61,2924.36,570930000.0,-0.0109,987.75,1006.59,1006.9,983.82,1480000000.0,-0.0207,415500,419000,411000,414500,414599,-0.007185628742514938,125500,127500,123500,124000,1598893,-0.01195219123505975,70300,70900,70200,70200,9422009,-0.004255319148936176
2021-11-11,2924.92,2911.41,2925.19,2903.72,572860000.0,-0.0018,992.65,981.42,994.69,979.68,1110000000.0,0.005,411000,413000,405000,407000,566739,-0.018094089264173663,123000,125500,121500,125500,1955371,0.012096774193548487,69900,70000,69600,69900,11489122,-0.004273504273504258
2021-11-12,2968.8,2945.95,2973.84,2938.27,665730000.0,0.015,1009.07,999.29,1009.15,998.14,856020000.0,0.0165,407500,412500,403500,409000,412100,0.004914004914004844,126000,128000,124500,127000,2100660,0.01195219123505975,70200,70900,69900,70600,10087450,0.010014306151645114
2021-11-15,2999.52,2989.68,3003.71,2979.96,639400000.0,0.0103,1029.03,1016.35,1029.07,1016.16,932600000.0,0.019799999999999998,409000,412500,408000,411000,331770,0.004889975550122161,127000,129500,127000,129000,1714170,0.015748031496062964,71700,71900,70900,71400,12420710,0.011331444759206777
2021-11-16,2997.21,2995.68,3011.88,2985.34,579650000.0,-0.0008,1035.46,1029.35,1035.98,1027.07,995270000.0,0.0062,410000,412500,405000,405500,490783,-0.01338199513381999,129000,130000,127000,127500,1591390,-0.011627906976744207,71500,72000,71300,71300,10919239,-0.0014005602240896309
2021-11-17,2962.42,3004.02,3004.67,2957.7,541490000.0,-0.0116,1031.26,1039.36,1039.36,1028.02,1410000000.0,-0.0040999999999999995,406000,406500,399000,401000,540444,-0.011097410604192337,128000,129000,125000,125000,1675657,-0.019607843137254943,71300,71600,70600,70700,11027606,-0.008415147265077194
2021-11-18,2947.38,2959.26,2964.48,2937.53,541650000.0,-0.0051,1032.77,1033.16,1034.51,1018.13,1470000000.0,0.0015,403500,413000,402000,407000,729079,0.014962593516209433,125000,126000,123000,124500,1543924,-0.0040000000000000036,70700,71000,70200,70200,10144957,-0.007072135785007094
2021-11-19,2971.02,2951.06,2974.64,2948.07,657090000.0,0.008,1041.92,1032.07,1042.4,1029.54,1270000000.0,0.0089,407000,410000,404000,404000,415847,-0.0073710073710073765,125000,127500,124500,127000,1512294,0.02008032128514059,70400,71400,70100,71200,11954728,0.014245014245014342
2021-11-22,3013.25,2983.38,3018.01,2980.73,530960000.00000006,0.014199999999999999,1032.31,1043.55,1045.36,1023.13,1320000000.0,-0.0092,403000,411500,400500,410000,555854,0.014851485148514865,127000,129000,125500,128500,2213290,0.011811023622047223,73300,75200,73000,74900,27506623,0.05196629213483139
2021-11-23,2997.33,3013.16,3016.36,2992.14,524230000.0,-0.0053,1013.72,1024.33,1029.08,1012.95,1040000000.0,-0.018000000000000002,401000,405000,399500,400000,682033,-0.024390243902439046,127500,128000,124000,124500,1981200,-0.0311284046692607,76000,76000,74500,75300,22029195,0.005340453938584844
2021-11-24,2994.29,3006.34,3017.9,2981.02,556640000.0,-0.001,1020.13,1015.23,1021.13,1003.19,1020000000.0,0.0063,399000,401000,392000,395000,554151,-0.012499999999999956,124500,125500,123500,124500,1589036,0.0,76000,76200,74100,74800,15652305,-0.006640106241699861
2021-11-25,2980.27,2996.74,2996.74,2973.24,595970000.0,-0.004699999999999999,1015.66,1023.41,1025.9,1015.62,1100000000.0,-0.0044,400000,401000,395500,397000,323058,0.005063291139240533,125000,128500,124500,128000,2906344,0.028112449799196693,75100,75100,73600,73700,12559258,-0.014705882352941124
2021-11-26,2936.44,2973.04,2985.77,2930.31,595600000.0,-0.0147,1005.89,1017.9,1021.15,999.4,1240000000.0,-0.0096,394000,395500,388000,389500,473540,-0.018891687657430767,127500,128500,125000,125500,1679040,-0.01953125,73500,74100,72000,72300,13002242,-0.018995929443690662
2021-11-29,2909.32,2906.15,2930.22,2890.78,844400000.0,-0.0092,992.34,986.64,1002.79,980.26,1350000000.0,-0.013500000000000002,386500,391500,382500,386500,457264,-0.007702182284980763,123000,125500,122000,123000,2031484,-0.019920318725099584,71700,73000,71400,72300,16682559,0.0
2021-11-30,2839.01,2932.71,2942.93,2822.73,983560000.0,-0.0242,965.63,1003.04,1004.83,960.84,1360000000.0,-0.0269,391000,392500,381000,381000,1103481,-0.014230271668822736,124000,124500,121500,122000,3807209,-0.008130081300813052,73200,73900,70500,71300,30364841,-0.013831258644536604
2021-12-01,2899.72,2860.12,2905.74,2837.03,563930000.0,0.021400000000000002,977.15,969.9,977.73,949.86,1080000000.0,0.011899999999999999,385000,392500,382000,390000,548840,0.023622047244094446,121500,123500,121000,122500,1482581,0.004098360655737654,72000,74800,71600,74400,21954856,0.04347826086956519
2021-12-02,2945.27,2874.64,2945.27,2874.64,534460000.00000006,0.015700000000000002,977.43,967.34,978.16,961.98,1090000000.0,0.0003,382500,399000,382000,398500,613006,0.021794871794871717,121500,123000,120000,122500,2028101,0.0,73900,75800,73800,75800,23652940,0.018817204301075252
2021-12-03,2968.33,2935.93,2975.44,2927.55,486750000.0,0.0078000000000000005,998.47,981.65,998.49,977.91,1210000000.0,0.0215,397500,402000,394500,402000,501099,0.008782936010037545,122000,124000,121500,123500,1488902,0.008163265306122547,75600,76000,74100,75600,18330240,-0.0026385224274406704
2021-12-06,2973.25,2954.82,2983.5,2932.49,479910000.0,0.0017000000000000001,991.87,990.07,994.15,980.87,1060000000.0,-0.0066,400500,400500,389500,392000,456773,-0.02487562189054726,122500,122500,120500,121000,1477396,-0.020242914979757054,75100,76700,74900,76300,16391250,0.0092592592592593
2021-12-07,2991.72,2973.84,2992.31,2960.9,541370000.0,0.0062,996.64,996.89,999.52,991.07,1020000000.0,0.0048,390500,392500,388500,391000,384366,-0.0025510204081632404,121500,122000,120000,120500,1218740,-0.004132231404958664,76100,77700,75600,77400,19232453,0.014416775884665833
2021-12-08,3001.8,3017.93,3036.13,2995.34,488250000.0,0.0034000000000000002,1006.04,1006.61,1012.64,1003.92,1070000000.0000001,0.009399999999999999,395000,399500,394000,395000,534080,0.010230179028132946,121500,123500,120500,121000,2288195,0.004149377593360981,78300,78600,77100,77400,21558340,0.0
2021-12-09,3029.57,3007.0,3029.57,3001.55,513440000.00000006,0.009300000000000001,1022.87,1009.29,1022.87,1009.29,1060000000.0,0.0167,397000,399500,394000,399500,748143,0.0113924050632912,120500,122500,120000,122500,2338843,0.012396694214876103,77400,78200,77000,78200,21604528,0.010335917312661591
2021-12-10,3010.23,3008.7,3017.64,2998.29,451600000.0,-0.0064,1011.57,1016.34,1018.42,1010.02,1150000000.0,-0.011000000000000001,394000,396500,393500,395000,224452,-0.01126408010012514,122000,122500,121000,122500,974383,0.0,77400,77600,76800,76900,9155219,-0.01662404092071612
2021-12-13,3001.66,3019.67,3043.83,3000.51,375830000.0,-0.0028000000000000004,1005.96,1014.27,1014.9,1005.96,1340000000.0,-0.0055000000000000005,398000,398000,390000,390500,346330,-0.011392405063291089,123000,123000,120000,120000,1405089,-0.020408163265306145,77200,78300,76500,76800,15038750,-0.0013003901170350884
2021-12-14,2987.95,2983.95,3001.7,2976.16,581570000.0,-0.0046,1002.81,1001.11,1007.73,996.85,1080000000.0,-0.0031,388500,392500,387000,392000,322068,0.003841229193341844,118500,119000,117000,118500,1718411,-0.012499999999999956,76500,77200,76200,77000,10976660,0.0026041666666667407
2021-12-15,2989.39,2979.83,2992.3,2973.0,432870000.0,0.0005,1003.52,1002.18,1007.44,999.21,1130000000.0,0.0007000000000000001,387000,390000,387000,387500,290339,-0.011479591836734748,117500,119000,117000,118500,1070223,0.0,76400,77600,76300,77600,9584939,0.007792207792207684
2021-12-16,3006.41,3013.26,3018.2,2989.63,402820000.0,0.005699999999999999,1007.86,1013.05,1016.32,1006.9,1340000000.0,0.0043,389500,395500,384500,387500,543865,0.0,119500,120500,118500,119500,1168717,0.00843881856540074,78500,78500,77400,77800,11996128,0.002577319587628857
2021-12-17,3017.73,2985.2,3017.73,2984.19,451820000.0,0.0038,1001.26,1001.51,1005.36,995.93,1100000000.0,-0.006500000000000001,387000,387500,383500,384500,505284,-0.007741935483870921,118000,119000,117500,117500,1265074,-0.01673640167364021,76800,78000,76800,78000,13108479,0.0025706940874035134
2021-12-20,2963.0,3001.33,3001.33,2962.07,377580000.0,-0.0181,990.51,1001.17,1004.75,990.51,1010000000.0,-0.010700000000000001,381500,383000,373000,373000,630690,-0.02990897269180759,116500,117000,113000,113000,2989796,-0.03829787234042559,77600,77800,76800,77100,11264375,-0.011538461538461497
2021-12-21,2975.03,2981.67,2984.56,2955.9,410980000.0,0.0040999999999999995,996.6,994.53,997.3,982.43,1370000000.0,0.0060999999999999995,370000,379000,370000,375000,480367,0.00536193029490617,112500,115000,112500,114500,1366889,0.01327433628318575,77900,78300,77500,78100,14245298,0.012970168612191912
2021-12-22,2984.48,2993.5,3000.79,2976.65,461760000.0,0.0032,1000.13,1004.1,1005.23,999.05,1180000000.0,0.0034999999999999996,376000,380000,375500,378500,263513,0.009333333333333416,115000,115500,113500,114500,1036505,0.0,78900,79400,78800,79400,17105892,0.016645326504481472
2021-12-23,2998.17,2998.02,3000.7,2980.91,483840000.0,0.0046,1003.31,1004.45,1007.42,1001.48,1440000000.0,0.0032,379500,380500,374500,378000,354342,-0.0013210039630119352,114500,115000,113000,113000,1113550,-0.013100436681222738,79800,80000,79300,79900,13577498,0.006297229219143663
2021-12-24,3012.43,3009.48,3025.77,3009.48,537550000.0,0.0048,1007.42,1008.05,1010.98,1005.61,1240000000.0,0.0040999999999999995,378000,388000,378000,384000,412695,0.015873015873015817,113000,115000,112500,114500,1484508,0.01327433628318575,80200,80800,80200,80500,12086380,0.007509386733416834
2021-12-27,2999.55,3013.94,3017.31,2999.3,475360000.0,-0.0043,1011.36,1008.9,1013.7,1006.87,1150000000.0,0.0039000000000000003,384500,384500,380000,380500,226757,-0.00911458333333337,114000,114500,113000,113000,1116701,-0.013100436681222738,80600,80600,79800,80200,10783368,-0.003726708074534124
2021-12-28,3020.24,3006.77,3020.29,2991.55,607050000.0,0.0069,1027.44,1016.29,1027.45,1014.39,1290000000.0,0.0159,380000,385500,378000,384500,551228,0.010512483574244502,113000,114000,113000,113500,2370856,0.004424778761061843,80200,80400,79700,80300,18226325,0.0012468827930174342
2021-12-29,2993.29,3002.9,3007.72,2988.67,545830000.0,-0.0089,1028.05,1028.46,1034.05,1022.73,950940000.0,0.0006,389000,389000,382000,382000,352409,-0.006501950585175553,115500,117500,114000,114000,1791503,0.004405286343612369,80200,80200,78500,78800,19794795,-0.018679950186799466
2021-12-30,2977.65,2999.75,3005.36,2975.74,454040.0,-0.0052,1033.98,1029.74,1034.87,1021.59,890910.0,0.0058,381000,382000,376000,378500,366309,-0.009162303664921434,114000,114500,112500,112500,1209297,-0.013157894736842146,78900,79500,78100,78300,13917103,-0.006345177664974666
